game_index,2,time, 2022-11-26 22:46:24, kl_between_new_old,0.01388,lr_multiplier,1.000,loss,5.112514495849609,entropy,4.151284217834473,explained_old_win_trend,-0.000,explained_new_win_trend,0.073
game_index,3,time, 2022-11-26 22:47:45, kl_between_new_old,0.00541,lr_multiplier,1.500,loss,4.870785236358643,entropy,4.15240478515625,explained_old_win_trend,0.075,explained_new_win_trend,0.370
game_index,4,time, 2022-11-26 22:49:24, kl_between_new_old,0.00461,lr_multiplier,2.250,loss,4.98928165435791,entropy,4.153092861175537,explained_old_win_trend,0.120,explained_new_win_trend,0.194
game_index,5,time, 2022-11-26 22:50:44, kl_between_new_old,0.00377,lr_multiplier,3.375,loss,4.891120433807373,entropy,4.1518449783325195,explained_old_win_trend,0.160,explained_new_win_trend,0.327
game_index,6,time, 2022-11-26 22:52:18, kl_between_new_old,0.00654,lr_multiplier,5.062,loss,4.56479549407959,entropy,4.151059150695801,explained_old_win_trend,0.358,explained_new_win_trend,0.612
game_index,7,time, 2022-11-26 22:53:54, kl_between_new_old,0.04316,lr_multiplier,3.375,loss,4.3653764724731445,entropy,4.111495018005371,explained_old_win_trend,0.584,explained_new_win_trend,0.763
game_index,8,time, 2022-11-26 22:55:40, kl_between_new_old,0.02969,lr_multiplier,3.375,loss,4.474508762359619,entropy,4.1123127937316895,explained_old_win_trend,0.435,explained_new_win_trend,0.659
game_index,9,time, 2022-11-26 22:57:01, kl_between_new_old,0.02410,lr_multiplier,3.375,loss,4.59008264541626,entropy,4.117694854736328,explained_old_win_trend,0.283,explained_new_win_trend,0.543
game_index,10,time, 2022-11-26 22:59:49, kl_between_new_old,0.05849,lr_multiplier,2.250,loss,4.463536739349365,entropy,4.1067609786987305,explained_old_win_trend,0.359,explained_new_win_trend,0.552
game_index,11,time, 2022-11-26 23:01:51, kl_between_new_old,0.02597,lr_multiplier,2.250,loss,4.430275917053223,entropy,4.087711334228516,explained_old_win_trend,0.459,explained_new_win_trend,0.575
game_index,12,time, 2022-11-26 23:03:08, kl_between_new_old,0.03516,lr_multiplier,2.250,loss,4.290282726287842,entropy,4.042935371398926,explained_old_win_trend,0.549,explained_new_win_trend,0.694
game_index,13,time, 2022-11-26 23:04:48, kl_between_new_old,0.04201,lr_multiplier,1.500,loss,4.398770809173584,entropy,4.036850929260254,explained_old_win_trend,0.294,explained_new_win_trend,0.559
game_index,14,time, 2022-11-26 23:06:50, kl_between_new_old,0.03337,lr_multiplier,1.500,loss,4.3726959228515625,entropy,4.0031538009643555,explained_old_win_trend,0.492,explained_new_win_trend,0.612
game_index,15,time, 2022-11-26 23:08:34, kl_between_new_old,0.03147,lr_multiplier,1.500,loss,4.280682563781738,entropy,3.9934816360473633,explained_old_win_trend,0.540,explained_new_win_trend,0.674
game_index,16,time, 2022-11-26 23:09:57, kl_between_new_old,0.02626,lr_multiplier,1.500,loss,4.255590915679932,entropy,3.9906628131866455,explained_old_win_trend,0.535,explained_new_win_trend,0.687
game_index,17,time, 2022-11-26 23:11:57, kl_between_new_old,0.02423,lr_multiplier,1.500,loss,4.200333595275879,entropy,4.008236885070801,explained_old_win_trend,0.627,explained_new_win_trend,0.758
game_index,18,time, 2022-11-26 23:13:48, kl_between_new_old,0.03230,lr_multiplier,1.500,loss,4.150737762451172,entropy,3.9508824348449707,explained_old_win_trend,0.662,explained_new_win_trend,0.784
game_index,19,time, 2022-11-26 23:16:01, kl_between_new_old,0.04313,lr_multiplier,1.000,loss,4.145635604858398,entropy,3.937464714050293,explained_old_win_trend,0.635,explained_new_win_trend,0.772
game_index,20,time, 2022-11-26 23:17:49, kl_between_new_old,0.02735,lr_multiplier,1.000,loss,4.11680793762207,entropy,3.9193599224090576,explained_old_win_trend,0.656,explained_new_win_trend,0.774
game_index,21,time, 2022-11-26 23:19:31, kl_between_new_old,0.02108,lr_multiplier,1.000,loss,4.099810600280762,entropy,3.953187942504883,explained_old_win_trend,0.706,explained_new_win_trend,0.802
game_index,22,time, 2022-11-26 23:21:38, kl_between_new_old,0.02863,lr_multiplier,1.000,loss,4.106732368469238,entropy,3.9075875282287598,explained_old_win_trend,0.684,explained_new_win_trend,0.789
game_index,23,time, 2022-11-26 23:23:19, kl_between_new_old,0.02601,lr_multiplier,1.000,loss,4.056029319763184,entropy,3.915506362915039,explained_old_win_trend,0.734,explained_new_win_trend,0.803
game_index,24,time, 2022-11-26 23:25:39, kl_between_new_old,0.06191,lr_multiplier,0.667,loss,4.055472373962402,entropy,3.793233871459961,explained_old_win_trend,0.718,explained_new_win_trend,0.777
game_index,25,time, 2022-11-26 23:27:21, kl_between_new_old,0.03431,lr_multiplier,0.667,loss,4.118705749511719,entropy,3.856630325317383,explained_old_win_trend,0.649,explained_new_win_trend,0.718
game_index,26,time, 2022-11-26 23:36:06, kl_between_new_old,0.01627,lr_multiplier,0.667,loss,4.311127185821533,entropy,3.9062061309814453,explained_old_win_trend,0.486,explained_new_win_trend,0.547
game_index,27,time, 2022-11-26 23:37:59, kl_between_new_old,0.02834,lr_multiplier,0.667,loss,4.267784118652344,entropy,3.829122304916382,explained_old_win_trend,0.443,explained_new_win_trend,0.539
game_index,28,time, 2022-11-26 23:39:16, kl_between_new_old,0.03249,lr_multiplier,0.667,loss,4.298859119415283,entropy,3.7963974475860596,explained_old_win_trend,0.363,explained_new_win_trend,0.446
game_index,29,time, 2022-11-26 23:40:45, kl_between_new_old,0.03002,lr_multiplier,0.667,loss,4.226235389709473,entropy,3.80434513092041,explained_old_win_trend,0.463,explained_new_win_trend,0.534
game_index,30,time, 2022-11-26 23:42:31, kl_between_new_old,0.03368,lr_multiplier,0.667,loss,4.3007965087890625,entropy,3.7509148120880127,explained_old_win_trend,0.358,explained_new_win_trend,0.461
game_index,31,time, 2022-11-26 23:44:10, kl_between_new_old,0.03501,lr_multiplier,0.667,loss,4.233674049377441,entropy,3.796060562133789,explained_old_win_trend,0.387,explained_new_win_trend,0.506
game_index,32,time, 2022-11-26 23:46:09, kl_between_new_old,0.02037,lr_multiplier,0.667,loss,4.211639404296875,entropy,3.7740583419799805,explained_old_win_trend,0.425,explained_new_win_trend,0.543
game_index,33,time, 2022-11-26 23:47:39, kl_between_new_old,0.02259,lr_multiplier,0.667,loss,4.150049686431885,entropy,3.7501637935638428,explained_old_win_trend,0.516,explained_new_win_trend,0.619
game_index,34,time, 2022-11-26 23:49:26, kl_between_new_old,0.02093,lr_multiplier,0.667,loss,4.073558807373047,entropy,3.782133102416992,explained_old_win_trend,0.582,explained_new_win_trend,0.684
game_index,35,time, 2022-11-26 23:51:03, kl_between_new_old,0.03045,lr_multiplier,0.667,loss,4.052083492279053,entropy,3.704641580581665,explained_old_win_trend,0.548,explained_new_win_trend,0.664
game_index,36,time, 2022-11-26 23:53:22, kl_between_new_old,0.01959,lr_multiplier,0.667,loss,4.212377071380615,entropy,3.736264705657959,explained_old_win_trend,0.366,explained_new_win_trend,0.508
game_index,37,time, 2022-11-26 23:55:12, kl_between_new_old,0.02049,lr_multiplier,0.667,loss,4.166592121124268,entropy,3.7633657455444336,explained_old_win_trend,0.456,explained_new_win_trend,0.581
game_index,38,time, 2022-11-26 23:56:36, kl_between_new_old,0.02058,lr_multiplier,0.667,loss,4.111372947692871,entropy,3.7134206295013428,explained_old_win_trend,0.462,explained_new_win_trend,0.594
game_index,39,time, 2022-11-26 23:58:54, kl_between_new_old,0.03334,lr_multiplier,0.667,loss,4.1013946533203125,entropy,3.670288324356079,explained_old_win_trend,0.438,explained_new_win_trend,0.565
game_index,40,time, 2022-11-26 23:59:54, kl_between_new_old,0.02969,lr_multiplier,0.667,loss,4.1291375160217285,entropy,3.6860005855560303,explained_old_win_trend,0.382,explained_new_win_trend,0.548
game_index,41,time, 2022-11-27 00:02:13, kl_between_new_old,0.04542,lr_multiplier,0.444,loss,4.059561729431152,entropy,3.5872273445129395,explained_old_win_trend,0.434,explained_new_win_trend,0.558
game_index,42,time, 2022-11-27 00:02:56, kl_between_new_old,0.02120,lr_multiplier,0.444,loss,3.9750778675079346,entropy,3.598886251449585,explained_old_win_trend,0.523,explained_new_win_trend,0.620
game_index,43,time, 2022-11-27 00:03:58, kl_between_new_old,0.02606,lr_multiplier,0.444,loss,4.059288024902344,entropy,3.6438732147216797,explained_old_win_trend,0.451,explained_new_win_trend,0.565
game_index,44,time, 2022-11-27 00:05:40, kl_between_new_old,0.02188,lr_multiplier,0.444,loss,4.059931755065918,entropy,3.612211227416992,explained_old_win_trend,0.446,explained_new_win_trend,0.533
game_index,45,time, 2022-11-27 00:06:53, kl_between_new_old,0.02447,lr_multiplier,0.444,loss,4.002130031585693,entropy,3.594773292541504,explained_old_win_trend,0.482,explained_new_win_trend,0.564
game_index,46,time, 2022-11-27 00:08:22, kl_between_new_old,0.02032,lr_multiplier,0.444,loss,3.9931931495666504,entropy,3.571937084197998,explained_old_win_trend,0.506,explained_new_win_trend,0.578
game_index,47,time, 2022-11-27 00:10:04, kl_between_new_old,0.02255,lr_multiplier,0.444,loss,3.998159170150757,entropy,3.5736424922943115,explained_old_win_trend,0.446,explained_new_win_trend,0.538
game_index,48,time, 2022-11-27 00:11:51, kl_between_new_old,0.02051,lr_multiplier,0.444,loss,3.9798545837402344,entropy,3.548340320587158,explained_old_win_trend,0.455,explained_new_win_trend,0.569
game_index,49,time, 2022-11-27 00:14:09, kl_between_new_old,0.02442,lr_multiplier,0.444,loss,3.989064931869507,entropy,3.537698268890381,explained_old_win_trend,0.450,explained_new_win_trend,0.543
game_index,50,time, 2022-11-27 00:15:46, kl_between_new_old,0.02407,lr_multiplier,0.444,loss,4.008364677429199,entropy,3.560926914215088,explained_old_win_trend,0.434,explained_new_win_trend,0.551
game_index,51,time, 2022-11-27 00:24:21, kl_between_new_old,0.02695,lr_multiplier,0.444,loss,4.051048755645752,entropy,3.525266170501709,explained_old_win_trend,0.376,explained_new_win_trend,0.471
game_index,52,time, 2022-11-27 00:25:29, kl_between_new_old,0.02350,lr_multiplier,0.444,loss,4.037847518920898,entropy,3.515028953552246,explained_old_win_trend,0.379,explained_new_win_trend,0.494
game_index,53,time, 2022-11-27 00:27:07, kl_between_new_old,0.02984,lr_multiplier,0.444,loss,4.054385662078857,entropy,3.54537296295166,explained_old_win_trend,0.385,explained_new_win_trend,0.484
game_index,54,time, 2022-11-27 00:28:49, kl_between_new_old,0.01964,lr_multiplier,0.444,loss,4.069565773010254,entropy,3.5235018730163574,explained_old_win_trend,0.363,explained_new_win_trend,0.459
game_index,55,time, 2022-11-27 00:30:13, kl_between_new_old,0.02434,lr_multiplier,0.444,loss,4.000792980194092,entropy,3.5436739921569824,explained_old_win_trend,0.387,explained_new_win_trend,0.508
game_index,56,time, 2022-11-27 00:31:24, kl_between_new_old,0.03605,lr_multiplier,0.444,loss,3.9928231239318848,entropy,3.4716579914093018,explained_old_win_trend,0.445,explained_new_win_trend,0.530
game_index,57,time, 2022-11-27 00:33:01, kl_between_new_old,0.03218,lr_multiplier,0.444,loss,4.035256385803223,entropy,3.528575897216797,explained_old_win_trend,0.397,explained_new_win_trend,0.501
game_index,58,time, 2022-11-27 00:34:44, kl_between_new_old,0.03217,lr_multiplier,0.444,loss,3.896150588989258,entropy,3.4950551986694336,explained_old_win_trend,0.515,explained_new_win_trend,0.601
game_index,59,time, 2022-11-27 00:36:07, kl_between_new_old,0.02014,lr_multiplier,0.444,loss,3.931328058242798,entropy,3.508159637451172,explained_old_win_trend,0.471,explained_new_win_trend,0.588
game_index,60,time, 2022-11-27 00:37:27, kl_between_new_old,0.02504,lr_multiplier,0.444,loss,3.8749887943267822,entropy,3.4422645568847656,explained_old_win_trend,0.488,explained_new_win_trend,0.576
game_index,61,time, 2022-11-27 00:38:58, kl_between_new_old,0.02562,lr_multiplier,0.444,loss,3.8528494834899902,entropy,3.4009287357330322,explained_old_win_trend,0.500,explained_new_win_trend,0.606
game_index,62,time, 2022-11-27 00:39:58, kl_between_new_old,0.03255,lr_multiplier,0.444,loss,3.83767032623291,entropy,3.4270479679107666,explained_old_win_trend,0.506,explained_new_win_trend,0.597
game_index,63,time, 2022-11-27 00:41:52, kl_between_new_old,0.03926,lr_multiplier,0.444,loss,3.921994686126709,entropy,3.389216423034668,explained_old_win_trend,0.413,explained_new_win_trend,0.504
game_index,64,time, 2022-11-27 00:43:31, kl_between_new_old,0.03601,lr_multiplier,0.444,loss,3.91401743888855,entropy,3.477363109588623,explained_old_win_trend,0.459,explained_new_win_trend,0.536
game_index,65,time, 2022-11-27 00:45:06, kl_between_new_old,0.02318,lr_multiplier,0.444,loss,3.981393814086914,entropy,3.4940719604492188,explained_old_win_trend,0.405,explained_new_win_trend,0.486
game_index,66,time, 2022-11-27 00:46:56, kl_between_new_old,0.02463,lr_multiplier,0.444,loss,3.883927822113037,entropy,3.415318489074707,explained_old_win_trend,0.487,explained_new_win_trend,0.551
game_index,67,time, 2022-11-27 00:49:02, kl_between_new_old,0.02530,lr_multiplier,0.444,loss,3.9421539306640625,entropy,3.3990719318389893,explained_old_win_trend,0.361,explained_new_win_trend,0.466
game_index,68,time, 2022-11-27 00:50:21, kl_between_new_old,0.02315,lr_multiplier,0.444,loss,3.899941921234131,entropy,3.42671537399292,explained_old_win_trend,0.417,explained_new_win_trend,0.498
game_index,69,time, 2022-11-27 00:52:09, kl_between_new_old,0.02361,lr_multiplier,0.444,loss,3.926226854324341,entropy,3.3931479454040527,explained_old_win_trend,0.354,explained_new_win_trend,0.470
game_index,70,time, 2022-11-27 00:53:52, kl_between_new_old,0.02645,lr_multiplier,0.444,loss,3.9342730045318604,entropy,3.338258981704712,explained_old_win_trend,0.346,explained_new_win_trend,0.432
game_index,71,time, 2022-11-27 00:55:04, kl_between_new_old,0.02015,lr_multiplier,0.444,loss,3.983203172683716,entropy,3.378089189529419,explained_old_win_trend,0.277,explained_new_win_trend,0.396
game_index,72,time, 2022-11-27 00:56:54, kl_between_new_old,0.02505,lr_multiplier,0.444,loss,3.92720365524292,entropy,3.325357675552368,explained_old_win_trend,0.331,explained_new_win_trend,0.435
game_index,73,time, 2022-11-27 00:58:39, kl_between_new_old,0.01951,lr_multiplier,0.444,loss,3.949190139770508,entropy,3.327676773071289,explained_old_win_trend,0.325,explained_new_win_trend,0.431
game_index,74,time, 2022-11-27 01:00:53, kl_between_new_old,0.03034,lr_multiplier,0.444,loss,3.9490466117858887,entropy,3.3438453674316406,explained_old_win_trend,0.265,explained_new_win_trend,0.391
game_index,75,time, 2022-11-27 01:02:22, kl_between_new_old,0.02201,lr_multiplier,0.444,loss,3.957014799118042,entropy,3.34932541847229,explained_old_win_trend,0.247,explained_new_win_trend,0.387
game_index,76,time, 2022-11-27 01:11:58, kl_between_new_old,0.02889,lr_multiplier,0.444,loss,3.90769624710083,entropy,3.322305679321289,explained_old_win_trend,0.287,explained_new_win_trend,0.418
game_index,77,time, 2022-11-27 01:13:16, kl_between_new_old,0.02801,lr_multiplier,0.444,loss,3.900425672531128,entropy,3.3229408264160156,explained_old_win_trend,0.286,explained_new_win_trend,0.397
game_index,78,time, 2022-11-27 01:14:07, kl_between_new_old,0.03100,lr_multiplier,0.444,loss,3.880565643310547,entropy,3.2992637157440186,explained_old_win_trend,0.320,explained_new_win_trend,0.430
game_index,79,time, 2022-11-27 01:15:39, kl_between_new_old,0.02890,lr_multiplier,0.444,loss,3.880906581878662,entropy,3.2919087409973145,explained_old_win_trend,0.305,explained_new_win_trend,0.428
game_index,80,time, 2022-11-27 01:17:16, kl_between_new_old,0.02825,lr_multiplier,0.444,loss,3.9127137660980225,entropy,3.3260068893432617,explained_old_win_trend,0.269,explained_new_win_trend,0.391
game_index,81,time, 2022-11-27 01:19:10, kl_between_new_old,0.03620,lr_multiplier,0.444,loss,3.793335199356079,entropy,3.191542625427246,explained_old_win_trend,0.337,explained_new_win_trend,0.463
game_index,82,time, 2022-11-27 01:20:26, kl_between_new_old,0.04165,lr_multiplier,0.296,loss,3.8379428386688232,entropy,3.2450673580169678,explained_old_win_trend,0.317,explained_new_win_trend,0.450
game_index,83,time, 2022-11-27 01:21:56, kl_between_new_old,0.01693,lr_multiplier,0.296,loss,3.8570008277893066,entropy,3.256526231765747,explained_old_win_trend,0.337,explained_new_win_trend,0.409
game_index,84,time, 2022-11-27 01:23:12, kl_between_new_old,0.01389,lr_multiplier,0.296,loss,3.921546459197998,entropy,3.2634434700012207,explained_old_win_trend,0.220,explained_new_win_trend,0.338
game_index,85,time, 2022-11-27 01:24:45, kl_between_new_old,0.01906,lr_multiplier,0.296,loss,3.9242842197418213,entropy,3.3137075901031494,explained_old_win_trend,0.297,explained_new_win_trend,0.374
game_index,86,time, 2022-11-27 01:26:52, kl_between_new_old,0.02078,lr_multiplier,0.296,loss,3.827529191970825,entropy,3.1616640090942383,explained_old_win_trend,0.308,explained_new_win_trend,0.399
game_index,87,time, 2022-11-27 01:28:05, kl_between_new_old,0.01867,lr_multiplier,0.296,loss,3.898071050643921,entropy,3.258084774017334,explained_old_win_trend,0.290,explained_new_win_trend,0.388
game_index,88,time, 2022-11-27 01:29:58, kl_between_new_old,0.01808,lr_multiplier,0.296,loss,3.852377414703369,entropy,3.2703633308410645,explained_old_win_trend,0.330,explained_new_win_trend,0.417
game_index,89,time, 2022-11-27 01:32:10, kl_between_new_old,0.01569,lr_multiplier,0.296,loss,3.8862271308898926,entropy,3.2347469329833984,explained_old_win_trend,0.245,explained_new_win_trend,0.369
game_index,90,time, 2022-11-27 01:33:22, kl_between_new_old,0.02324,lr_multiplier,0.296,loss,3.8363661766052246,entropy,3.2178704738616943,explained_old_win_trend,0.335,explained_new_win_trend,0.417
game_index,91,time, 2022-11-27 01:35:27, kl_between_new_old,0.01485,lr_multiplier,0.296,loss,3.879977226257324,entropy,3.220452070236206,explained_old_win_trend,0.256,explained_new_win_trend,0.353
game_index,92,time, 2022-11-27 01:37:00, kl_between_new_old,0.02462,lr_multiplier,0.296,loss,3.82242488861084,entropy,3.2531356811523438,explained_old_win_trend,0.306,explained_new_win_trend,0.418
game_index,93,time, 2022-11-27 01:37:54, kl_between_new_old,0.01614,lr_multiplier,0.296,loss,3.859998941421509,entropy,3.2433395385742188,explained_old_win_trend,0.302,explained_new_win_trend,0.394
game_index,94,time, 2022-11-27 01:39:12, kl_between_new_old,0.01703,lr_multiplier,0.296,loss,3.850674867630005,entropy,3.2467761039733887,explained_old_win_trend,0.297,explained_new_win_trend,0.384
game_index,95,time, 2022-11-27 01:41:08, kl_between_new_old,0.01828,lr_multiplier,0.296,loss,3.7550318241119385,entropy,3.174208164215088,explained_old_win_trend,0.322,explained_new_win_trend,0.429
game_index,96,time, 2022-11-27 01:43:25, kl_between_new_old,0.02711,lr_multiplier,0.296,loss,3.755624294281006,entropy,3.100144147872925,explained_old_win_trend,0.286,explained_new_win_trend,0.423
game_index,97,time, 2022-11-27 01:44:08, kl_between_new_old,0.02394,lr_multiplier,0.296,loss,3.7801127433776855,entropy,3.2281365394592285,explained_old_win_trend,0.290,explained_new_win_trend,0.397
game_index,98,time, 2022-11-27 01:45:34, kl_between_new_old,0.02571,lr_multiplier,0.296,loss,3.797940969467163,entropy,3.2284741401672363,explained_old_win_trend,0.341,explained_new_win_trend,0.446
game_index,99,time, 2022-11-27 01:47:28, kl_between_new_old,0.01265,lr_multiplier,0.296,loss,3.693687677383423,entropy,3.111880302429199,explained_old_win_trend,0.380,explained_new_win_trend,0.478
game_index,100,time, 2022-11-27 01:49:27, kl_between_new_old,0.02646,lr_multiplier,0.296,loss,3.7673821449279785,entropy,3.273054599761963,explained_old_win_trend,0.379,explained_new_win_trend,0.478
game_index,101,time, 2022-11-27 01:57:58, kl_between_new_old,0.02738,lr_multiplier,0.296,loss,3.7615318298339844,entropy,3.2228527069091797,explained_old_win_trend,0.380,explained_new_win_trend,0.470
game_index,102,time, 2022-11-27 01:59:22, kl_between_new_old,0.02211,lr_multiplier,0.296,loss,3.7404301166534424,entropy,3.1516621112823486,explained_old_win_trend,0.402,explained_new_win_trend,0.490
game_index,103,time, 2022-11-27 02:01:24, kl_between_new_old,0.01914,lr_multiplier,0.296,loss,3.7478315830230713,entropy,3.2021684646606445,explained_old_win_trend,0.367,explained_new_win_trend,0.468
game_index,104,time, 2022-11-27 02:03:53, kl_between_new_old,0.01783,lr_multiplier,0.296,loss,3.806769371032715,entropy,3.209085464477539,explained_old_win_trend,0.301,explained_new_win_trend,0.391
game_index,105,time, 2022-11-27 02:05:00, kl_between_new_old,0.02089,lr_multiplier,0.296,loss,3.802302122116089,entropy,3.179478645324707,explained_old_win_trend,0.262,explained_new_win_trend,0.372
game_index,106,time, 2022-11-27 02:06:30, kl_between_new_old,0.01893,lr_multiplier,0.296,loss,3.734600067138672,entropy,3.1669421195983887,explained_old_win_trend,0.325,explained_new_win_trend,0.430
game_index,107,time, 2022-11-27 02:07:14, kl_between_new_old,0.01972,lr_multiplier,0.296,loss,3.7548046112060547,entropy,3.150765895843506,explained_old_win_trend,0.330,explained_new_win_trend,0.428
game_index,108,time, 2022-11-27 02:08:44, kl_between_new_old,0.02165,lr_multiplier,0.296,loss,3.7676477432250977,entropy,3.16622257232666,explained_old_win_trend,0.305,explained_new_win_trend,0.407
game_index,109,time, 2022-11-27 02:10:08, kl_between_new_old,0.02144,lr_multiplier,0.296,loss,3.727370500564575,entropy,3.1716232299804688,explained_old_win_trend,0.371,explained_new_win_trend,0.486
game_index,110,time, 2022-11-27 02:11:34, kl_between_new_old,0.02250,lr_multiplier,0.296,loss,3.67010235786438,entropy,3.110285520553589,explained_old_win_trend,0.397,explained_new_win_trend,0.490
game_index,111,time, 2022-11-27 02:12:39, kl_between_new_old,0.02928,lr_multiplier,0.296,loss,3.678588390350342,entropy,3.162493944168091,explained_old_win_trend,0.382,explained_new_win_trend,0.500
game_index,112,time, 2022-11-27 02:14:26, kl_between_new_old,0.02067,lr_multiplier,0.296,loss,3.6984376907348633,entropy,3.1662564277648926,explained_old_win_trend,0.411,explained_new_win_trend,0.513
game_index,113,time, 2022-11-27 02:16:12, kl_between_new_old,0.03306,lr_multiplier,0.296,loss,3.714900016784668,entropy,3.197479486465454,explained_old_win_trend,0.393,explained_new_win_trend,0.513
game_index,114,time, 2022-11-27 02:17:26, kl_between_new_old,0.02003,lr_multiplier,0.296,loss,3.704176425933838,entropy,3.1750292778015137,explained_old_win_trend,0.368,explained_new_win_trend,0.474
game_index,115,time, 2022-11-27 02:18:58, kl_between_new_old,0.01739,lr_multiplier,0.296,loss,3.728266716003418,entropy,3.151776075363159,explained_old_win_trend,0.381,explained_new_win_trend,0.470
game_index,116,time, 2022-11-27 02:19:52, kl_between_new_old,0.01745,lr_multiplier,0.296,loss,3.6777594089508057,entropy,3.2140986919403076,explained_old_win_trend,0.436,explained_new_win_trend,0.526
game_index,117,time, 2022-11-27 02:21:13, kl_between_new_old,0.01469,lr_multiplier,0.296,loss,3.5472447872161865,entropy,3.137371301651001,explained_old_win_trend,0.488,explained_new_win_trend,0.587
game_index,118,time, 2022-11-27 02:22:23, kl_between_new_old,0.01992,lr_multiplier,0.296,loss,3.625610828399658,entropy,3.2006430625915527,explained_old_win_trend,0.467,explained_new_win_trend,0.574
game_index,119,time, 2022-11-27 02:24:00, kl_between_new_old,0.01743,lr_multiplier,0.296,loss,3.5576024055480957,entropy,3.102430820465088,explained_old_win_trend,0.459,explained_new_win_trend,0.579
game_index,120,time, 2022-11-27 02:25:16, kl_between_new_old,0.02006,lr_multiplier,0.296,loss,3.5810065269470215,entropy,3.12783145904541,explained_old_win_trend,0.469,explained_new_win_trend,0.566
game_index,121,time, 2022-11-27 02:26:45, kl_between_new_old,0.02469,lr_multiplier,0.296,loss,3.590668201446533,entropy,3.182690143585205,explained_old_win_trend,0.504,explained_new_win_trend,0.607
game_index,122,time, 2022-11-27 02:28:30, kl_between_new_old,0.01539,lr_multiplier,0.296,loss,3.528130531311035,entropy,3.130765914916992,explained_old_win_trend,0.544,explained_new_win_trend,0.636
game_index,123,time, 2022-11-27 02:30:01, kl_between_new_old,0.02093,lr_multiplier,0.296,loss,3.650378465652466,entropy,3.1726088523864746,explained_old_win_trend,0.420,explained_new_win_trend,0.523
game_index,124,time, 2022-11-27 02:31:14, kl_between_new_old,0.01952,lr_multiplier,0.296,loss,3.5553741455078125,entropy,3.148707866668701,explained_old_win_trend,0.482,explained_new_win_trend,0.577
game_index,125,time, 2022-11-27 02:32:27, kl_between_new_old,0.01695,lr_multiplier,0.296,loss,3.5328385829925537,entropy,3.1148881912231445,explained_old_win_trend,0.561,explained_new_win_trend,0.640
game_index,126,time, 2022-11-27 02:42:09, kl_between_new_old,0.02243,lr_multiplier,0.296,loss,3.533679962158203,entropy,3.165764808654785,explained_old_win_trend,0.521,explained_new_win_trend,0.604
game_index,127,time, 2022-11-27 02:43:55, kl_between_new_old,0.01981,lr_multiplier,0.296,loss,3.6181952953338623,entropy,3.1059491634368896,explained_old_win_trend,0.408,explained_new_win_trend,0.519
game_index,128,time, 2022-11-27 02:46:02, kl_between_new_old,0.02011,lr_multiplier,0.296,loss,3.529682159423828,entropy,3.098228693008423,explained_old_win_trend,0.515,explained_new_win_trend,0.617
game_index,129,time, 2022-11-27 02:47:36, kl_between_new_old,0.02240,lr_multiplier,0.296,loss,3.577625036239624,entropy,3.1343472003936768,explained_old_win_trend,0.443,explained_new_win_trend,0.547
game_index,130,time, 2022-11-27 02:48:56, kl_between_new_old,0.02104,lr_multiplier,0.296,loss,3.479369878768921,entropy,3.164799928665161,explained_old_win_trend,0.550,explained_new_win_trend,0.659
game_index,131,time, 2022-11-27 02:49:55, kl_between_new_old,0.02501,lr_multiplier,0.296,loss,3.4672107696533203,entropy,3.074563980102539,explained_old_win_trend,0.522,explained_new_win_trend,0.626
game_index,132,time, 2022-11-27 02:50:58, kl_between_new_old,0.02420,lr_multiplier,0.296,loss,3.507685661315918,entropy,3.096388816833496,explained_old_win_trend,0.524,explained_new_win_trend,0.587
game_index,133,time, 2022-11-27 02:52:25, kl_between_new_old,0.02426,lr_multiplier,0.296,loss,3.393935203552246,entropy,3.02451491355896,explained_old_win_trend,0.552,explained_new_win_trend,0.631
game_index,134,time, 2022-11-27 02:54:30, kl_between_new_old,0.02465,lr_multiplier,0.296,loss,3.4199182987213135,entropy,3.1019997596740723,explained_old_win_trend,0.620,explained_new_win_trend,0.690
game_index,135,time, 2022-11-27 02:55:58, kl_between_new_old,0.01580,lr_multiplier,0.296,loss,3.4489128589630127,entropy,3.11122727394104,explained_old_win_trend,0.572,explained_new_win_trend,0.656
game_index,136,time, 2022-11-27 02:57:15, kl_between_new_old,0.02194,lr_multiplier,0.296,loss,3.4506096839904785,entropy,3.0048487186431885,explained_old_win_trend,0.532,explained_new_win_trend,0.599
game_index,137,time, 2022-11-27 02:58:44, kl_between_new_old,0.01823,lr_multiplier,0.296,loss,3.4818859100341797,entropy,3.091841459274292,explained_old_win_trend,0.509,explained_new_win_trend,0.604
game_index,138,time, 2022-11-27 03:00:21, kl_between_new_old,0.02215,lr_multiplier,0.296,loss,3.5779151916503906,entropy,3.128598213195801,explained_old_win_trend,0.407,explained_new_win_trend,0.523
game_index,139,time, 2022-11-27 03:01:34, kl_between_new_old,0.02923,lr_multiplier,0.296,loss,3.4844727516174316,entropy,3.016610622406006,explained_old_win_trend,0.478,explained_new_win_trend,0.583
game_index,140,time, 2022-11-27 03:02:46, kl_between_new_old,0.02487,lr_multiplier,0.296,loss,3.436837673187256,entropy,3.035646915435791,explained_old_win_trend,0.540,explained_new_win_trend,0.628
game_index,141,time, 2022-11-27 03:03:49, kl_between_new_old,0.02203,lr_multiplier,0.296,loss,3.4339401721954346,entropy,3.0948283672332764,explained_old_win_trend,0.530,explained_new_win_trend,0.607
game_index,142,time, 2022-11-27 03:05:01, kl_between_new_old,0.02043,lr_multiplier,0.296,loss,3.4301018714904785,entropy,2.981170892715454,explained_old_win_trend,0.537,explained_new_win_trend,0.607
game_index,143,time, 2022-11-27 03:06:12, kl_between_new_old,0.02489,lr_multiplier,0.296,loss,3.3923070430755615,entropy,3.0316314697265625,explained_old_win_trend,0.544,explained_new_win_trend,0.636
game_index,144,time, 2022-11-27 03:07:42, kl_between_new_old,0.01793,lr_multiplier,0.296,loss,3.4940872192382812,entropy,3.0632171630859375,explained_old_win_trend,0.516,explained_new_win_trend,0.582
game_index,145,time, 2022-11-27 03:09:21, kl_between_new_old,0.02333,lr_multiplier,0.296,loss,3.460719108581543,entropy,2.98222017288208,explained_old_win_trend,0.471,explained_new_win_trend,0.548
game_index,146,time, 2022-11-27 03:10:30, kl_between_new_old,0.01903,lr_multiplier,0.296,loss,3.379563331604004,entropy,2.982524871826172,explained_old_win_trend,0.526,explained_new_win_trend,0.608
game_index,147,time, 2022-11-27 03:11:42, kl_between_new_old,0.01737,lr_multiplier,0.296,loss,3.510671615600586,entropy,3.02731990814209,explained_old_win_trend,0.475,explained_new_win_trend,0.548
game_index,148,time, 2022-11-27 03:12:42, kl_between_new_old,0.02610,lr_multiplier,0.296,loss,3.5136559009552,entropy,3.0142006874084473,explained_old_win_trend,0.421,explained_new_win_trend,0.505
game_index,149,time, 2022-11-27 03:14:06, kl_between_new_old,0.01670,lr_multiplier,0.296,loss,3.5613021850585938,entropy,3.1034512519836426,explained_old_win_trend,0.417,explained_new_win_trend,0.494
game_index,150,time, 2022-11-27 03:15:46, kl_between_new_old,0.02134,lr_multiplier,0.296,loss,3.4804258346557617,entropy,3.0579802989959717,explained_old_win_trend,0.498,explained_new_win_trend,0.585
game_index,151,time, 2022-11-27 03:23:05, kl_between_new_old,0.01700,lr_multiplier,0.296,loss,3.4602608680725098,entropy,2.984384298324585,explained_old_win_trend,0.477,explained_new_win_trend,0.546
game_index,152,time, 2022-11-27 03:24:27, kl_between_new_old,0.02326,lr_multiplier,0.296,loss,3.4824624061584473,entropy,3.0041229724884033,explained_old_win_trend,0.409,explained_new_win_trend,0.519
game_index,153,time, 2022-11-27 03:26:31, kl_between_new_old,0.01486,lr_multiplier,0.296,loss,3.477302074432373,entropy,2.990684986114502,explained_old_win_trend,0.424,explained_new_win_trend,0.504
game_index,154,time, 2022-11-27 03:27:45, kl_between_new_old,0.01891,lr_multiplier,0.296,loss,3.4215505123138428,entropy,2.9396884441375732,explained_old_win_trend,0.465,explained_new_win_trend,0.543
game_index,155,time, 2022-11-27 03:28:38, kl_between_new_old,0.02284,lr_multiplier,0.296,loss,3.4986753463745117,entropy,2.955328941345215,explained_old_win_trend,0.410,explained_new_win_trend,0.482
game_index,156,time, 2022-11-27 03:30:16, kl_between_new_old,0.01450,lr_multiplier,0.296,loss,3.429137706756592,entropy,2.9789440631866455,explained_old_win_trend,0.474,explained_new_win_trend,0.555
game_index,157,time, 2022-11-27 03:31:15, kl_between_new_old,0.00901,lr_multiplier,0.444,loss,3.4476823806762695,entropy,3.0169553756713867,explained_old_win_trend,0.463,explained_new_win_trend,0.552
game_index,158,time, 2022-11-27 03:33:10, kl_between_new_old,0.02169,lr_multiplier,0.444,loss,3.5425620079040527,entropy,2.965294599533081,explained_old_win_trend,0.335,explained_new_win_trend,0.443
game_index,159,time, 2022-11-27 03:33:45, kl_between_new_old,0.02791,lr_multiplier,0.444,loss,3.405036211013794,entropy,2.9829297065734863,explained_old_win_trend,0.506,explained_new_win_trend,0.591
game_index,160,time, 2022-11-27 03:34:45, kl_between_new_old,0.01514,lr_multiplier,0.444,loss,3.3600571155548096,entropy,2.9007420539855957,explained_old_win_trend,0.440,explained_new_win_trend,0.537
game_index,161,time, 2022-11-27 03:36:22, kl_between_new_old,0.02419,lr_multiplier,0.444,loss,3.5167064666748047,entropy,2.993840217590332,explained_old_win_trend,0.359,explained_new_win_trend,0.482
game_index,162,time, 2022-11-27 03:37:48, kl_between_new_old,0.02102,lr_multiplier,0.444,loss,3.4907045364379883,entropy,2.9976954460144043,explained_old_win_trend,0.404,explained_new_win_trend,0.509
game_index,163,time, 2022-11-27 03:39:39, kl_between_new_old,0.02907,lr_multiplier,0.444,loss,3.3785791397094727,entropy,2.9517736434936523,explained_old_win_trend,0.485,explained_new_win_trend,0.585
game_index,164,time, 2022-11-27 03:40:56, kl_between_new_old,0.03218,lr_multiplier,0.444,loss,3.348341464996338,entropy,2.881356954574585,explained_old_win_trend,0.467,explained_new_win_trend,0.579
game_index,165,time, 2022-11-27 03:42:11, kl_between_new_old,0.03644,lr_multiplier,0.444,loss,3.4650685787200928,entropy,2.9528608322143555,explained_old_win_trend,0.427,explained_new_win_trend,0.543
game_index,166,time, 2022-11-27 03:43:54, kl_between_new_old,0.03492,lr_multiplier,0.444,loss,3.4699947834014893,entropy,2.9229278564453125,explained_old_win_trend,0.363,explained_new_win_trend,0.479
game_index,167,time, 2022-11-27 03:45:07, kl_between_new_old,0.02649,lr_multiplier,0.444,loss,3.38580584526062,entropy,3.0170390605926514,explained_old_win_trend,0.447,explained_new_win_trend,0.587
game_index,168,time, 2022-11-27 03:46:37, kl_between_new_old,0.02981,lr_multiplier,0.444,loss,3.4539544582366943,entropy,2.912567615509033,explained_old_win_trend,0.376,explained_new_win_trend,0.505
game_index,169,time, 2022-11-27 03:48:17, kl_between_new_old,0.04317,lr_multiplier,0.296,loss,3.4253711700439453,entropy,2.925184726715088,explained_old_win_trend,0.439,explained_new_win_trend,0.548
game_index,170,time, 2022-11-27 03:50:05, kl_between_new_old,0.02010,lr_multiplier,0.296,loss,3.4260506629943848,entropy,2.968557119369507,explained_old_win_trend,0.447,explained_new_win_trend,0.551
game_index,171,time, 2022-11-27 03:51:20, kl_between_new_old,0.02050,lr_multiplier,0.296,loss,3.4920811653137207,entropy,3.0098185539245605,explained_old_win_trend,0.385,explained_new_win_trend,0.483
game_index,172,time, 2022-11-27 03:52:09, kl_between_new_old,0.01488,lr_multiplier,0.296,loss,3.4438767433166504,entropy,2.9878830909729004,explained_old_win_trend,0.456,explained_new_win_trend,0.552
game_index,173,time, 2022-11-27 03:53:14, kl_between_new_old,0.01627,lr_multiplier,0.296,loss,3.4692273139953613,entropy,2.951319456100464,explained_old_win_trend,0.394,explained_new_win_trend,0.491
game_index,174,time, 2022-11-27 03:54:36, kl_between_new_old,0.01607,lr_multiplier,0.296,loss,3.42069935798645,entropy,2.951779365539551,explained_old_win_trend,0.488,explained_new_win_trend,0.574
game_index,175,time, 2022-11-27 03:55:54, kl_between_new_old,0.01756,lr_multiplier,0.296,loss,3.421199083328247,entropy,3.019228458404541,explained_old_win_trend,0.464,explained_new_win_trend,0.578
game_index,176,time, 2022-11-27 04:03:32, kl_between_new_old,0.02160,lr_multiplier,0.296,loss,3.4510104656219482,entropy,2.892719268798828,explained_old_win_trend,0.392,explained_new_win_trend,0.493
game_index,177,time, 2022-11-27 04:05:36, kl_between_new_old,0.01958,lr_multiplier,0.296,loss,3.327143430709839,entropy,2.916140079498291,explained_old_win_trend,0.499,explained_new_win_trend,0.609
game_index,178,time, 2022-11-27 04:06:48, kl_between_new_old,0.01727,lr_multiplier,0.296,loss,3.4504809379577637,entropy,2.931882858276367,explained_old_win_trend,0.403,explained_new_win_trend,0.508
game_index,179,time, 2022-11-27 04:08:39, kl_between_new_old,0.01861,lr_multiplier,0.296,loss,3.45869779586792,entropy,2.8714351654052734,explained_old_win_trend,0.332,explained_new_win_trend,0.440
game_index,180,time, 2022-11-27 04:09:49, kl_between_new_old,0.01778,lr_multiplier,0.296,loss,3.3820667266845703,entropy,2.935213327407837,explained_old_win_trend,0.497,explained_new_win_trend,0.593
game_index,181,time, 2022-11-27 04:11:26, kl_between_new_old,0.01753,lr_multiplier,0.296,loss,3.4312431812286377,entropy,3.0049259662628174,explained_old_win_trend,0.450,explained_new_win_trend,0.538
game_index,182,time, 2022-11-27 04:12:06, kl_between_new_old,0.02311,lr_multiplier,0.296,loss,3.4196536540985107,entropy,2.9660205841064453,explained_old_win_trend,0.442,explained_new_win_trend,0.559
game_index,183,time, 2022-11-27 04:13:11, kl_between_new_old,0.01877,lr_multiplier,0.296,loss,3.417400360107422,entropy,2.9413375854492188,explained_old_win_trend,0.438,explained_new_win_trend,0.535
game_index,184,time, 2022-11-27 04:14:39, kl_between_new_old,0.01923,lr_multiplier,0.296,loss,3.2979931831359863,entropy,2.8943281173706055,explained_old_win_trend,0.523,explained_new_win_trend,0.621
game_index,185,time, 2022-11-27 04:15:48, kl_between_new_old,0.01834,lr_multiplier,0.296,loss,3.362746238708496,entropy,2.9679369926452637,explained_old_win_trend,0.514,explained_new_win_trend,0.602
game_index,186,time, 2022-11-27 04:17:22, kl_between_new_old,0.01737,lr_multiplier,0.296,loss,3.3527474403381348,entropy,2.9302785396575928,explained_old_win_trend,0.499,explained_new_win_trend,0.583
game_index,187,time, 2022-11-27 04:18:41, kl_between_new_old,0.01671,lr_multiplier,0.296,loss,3.3249504566192627,entropy,2.870666265487671,explained_old_win_trend,0.491,explained_new_win_trend,0.577
game_index,188,time, 2022-11-27 04:20:11, kl_between_new_old,0.01485,lr_multiplier,0.296,loss,3.375572443008423,entropy,2.888115406036377,explained_old_win_trend,0.410,explained_new_win_trend,0.532
game_index,189,time, 2022-11-27 04:21:46, kl_between_new_old,0.02165,lr_multiplier,0.296,loss,3.3871238231658936,entropy,2.9626545906066895,explained_old_win_trend,0.450,explained_new_win_trend,0.545
game_index,190,time, 2022-11-27 04:22:45, kl_between_new_old,0.02195,lr_multiplier,0.296,loss,3.363403558731079,entropy,2.937985420227051,explained_old_win_trend,0.487,explained_new_win_trend,0.593
game_index,191,time, 2022-11-27 04:23:45, kl_between_new_old,0.01693,lr_multiplier,0.296,loss,3.422447443008423,entropy,2.954172372817993,explained_old_win_trend,0.462,explained_new_win_trend,0.562
game_index,192,time, 2022-11-27 04:24:44, kl_between_new_old,0.01337,lr_multiplier,0.296,loss,3.2768445014953613,entropy,2.9280145168304443,explained_old_win_trend,0.590,explained_new_win_trend,0.673
game_index,193,time, 2022-11-27 04:26:06, kl_between_new_old,0.01814,lr_multiplier,0.296,loss,3.278785228729248,entropy,2.918933868408203,explained_old_win_trend,0.592,explained_new_win_trend,0.702
game_index,194,time, 2022-11-27 04:27:24, kl_between_new_old,0.01270,lr_multiplier,0.296,loss,3.3771562576293945,entropy,2.9979331493377686,explained_old_win_trend,0.525,explained_new_win_trend,0.613
game_index,195,time, 2022-11-27 04:28:06, kl_between_new_old,0.02044,lr_multiplier,0.296,loss,3.3019070625305176,entropy,2.926121950149536,explained_old_win_trend,0.562,explained_new_win_trend,0.662
game_index,196,time, 2022-11-27 04:29:07, kl_between_new_old,0.01855,lr_multiplier,0.296,loss,3.3275856971740723,entropy,2.908332109451294,explained_old_win_trend,0.558,explained_new_win_trend,0.634
game_index,197,time, 2022-11-27 04:30:12, kl_between_new_old,0.01797,lr_multiplier,0.296,loss,3.3912177085876465,entropy,2.9324746131896973,explained_old_win_trend,0.491,explained_new_win_trend,0.577
game_index,198,time, 2022-11-27 04:32:13, kl_between_new_old,0.01035,lr_multiplier,0.296,loss,3.2959249019622803,entropy,2.9236183166503906,explained_old_win_trend,0.564,explained_new_win_trend,0.649
game_index,199,time, 2022-11-27 04:33:20, kl_between_new_old,0.01465,lr_multiplier,0.296,loss,3.2987568378448486,entropy,2.9824447631835938,explained_old_win_trend,0.571,explained_new_win_trend,0.679
game_index,200,time, 2022-11-27 04:33:55, kl_between_new_old,0.02106,lr_multiplier,0.296,loss,3.3216285705566406,entropy,2.926854372024536,explained_old_win_trend,0.490,explained_new_win_trend,0.603
game_index,201,time, 2022-11-27 04:41:04, kl_between_new_old,0.01680,lr_multiplier,0.296,loss,3.300737142562866,entropy,2.9056856632232666,explained_old_win_trend,0.563,explained_new_win_trend,0.638
game_index,202,time, 2022-11-27 04:42:40, kl_between_new_old,0.01759,lr_multiplier,0.296,loss,3.399327516555786,entropy,2.9559714794158936,explained_old_win_trend,0.455,explained_new_win_trend,0.575
game_index,203,time, 2022-11-27 04:43:56, kl_between_new_old,0.01516,lr_multiplier,0.296,loss,3.3966972827911377,entropy,2.998419761657715,explained_old_win_trend,0.476,explained_new_win_trend,0.568
game_index,204,time, 2022-11-27 04:45:30, kl_between_new_old,0.02425,lr_multiplier,0.296,loss,3.3406355381011963,entropy,2.9105947017669678,explained_old_win_trend,0.473,explained_new_win_trend,0.575
game_index,205,time, 2022-11-27 04:46:20, kl_between_new_old,0.01418,lr_multiplier,0.296,loss,3.3319790363311768,entropy,2.9011688232421875,explained_old_win_trend,0.512,explained_new_win_trend,0.613
game_index,206,time, 2022-11-27 04:47:36, kl_between_new_old,0.02029,lr_multiplier,0.296,loss,3.2980098724365234,entropy,2.9262595176696777,explained_old_win_trend,0.539,explained_new_win_trend,0.638
game_index,207,time, 2022-11-27 04:49:00, kl_between_new_old,0.01599,lr_multiplier,0.296,loss,3.290311813354492,entropy,2.9356846809387207,explained_old_win_trend,0.538,explained_new_win_trend,0.641
game_index,208,time, 2022-11-27 04:50:07, kl_between_new_old,0.01891,lr_multiplier,0.296,loss,3.272700071334839,entropy,2.967885971069336,explained_old_win_trend,0.589,explained_new_win_trend,0.691
game_index,209,time, 2022-11-27 04:52:14, kl_between_new_old,0.01605,lr_multiplier,0.296,loss,3.2073111534118652,entropy,2.903693199157715,explained_old_win_trend,0.600,explained_new_win_trend,0.707
game_index,210,time, 2022-11-27 04:53:25, kl_between_new_old,0.01807,lr_multiplier,0.296,loss,3.3002676963806152,entropy,2.9381024837493896,explained_old_win_trend,0.505,explained_new_win_trend,0.641
game_index,211,time, 2022-11-27 04:54:52, kl_between_new_old,0.01843,lr_multiplier,0.296,loss,3.31423020362854,entropy,2.938565254211426,explained_old_win_trend,0.522,explained_new_win_trend,0.644
game_index,212,time, 2022-11-27 04:56:34, kl_between_new_old,0.01849,lr_multiplier,0.296,loss,3.257195234298706,entropy,2.914046287536621,explained_old_win_trend,0.565,explained_new_win_trend,0.669
game_index,213,time, 2022-11-27 04:57:29, kl_between_new_old,0.02554,lr_multiplier,0.296,loss,3.375945568084717,entropy,2.893752098083496,explained_old_win_trend,0.452,explained_new_win_trend,0.549
game_index,214,time, 2022-11-27 04:58:50, kl_between_new_old,0.01453,lr_multiplier,0.296,loss,3.3495569229125977,entropy,2.934962034225464,explained_old_win_trend,0.486,explained_new_win_trend,0.611
game_index,215,time, 2022-11-27 05:00:04, kl_between_new_old,0.01451,lr_multiplier,0.296,loss,3.223740816116333,entropy,2.8653244972229004,explained_old_win_trend,0.575,explained_new_win_trend,0.638
game_index,216,time, 2022-11-27 05:00:39, kl_between_new_old,0.01295,lr_multiplier,0.296,loss,3.2965645790100098,entropy,2.95157527923584,explained_old_win_trend,0.624,explained_new_win_trend,0.703
game_index,217,time, 2022-11-27 05:01:31, kl_between_new_old,0.02521,lr_multiplier,0.296,loss,3.2780258655548096,entropy,2.963764190673828,explained_old_win_trend,0.539,explained_new_win_trend,0.635
game_index,218,time, 2022-11-27 05:02:18, kl_between_new_old,0.03579,lr_multiplier,0.296,loss,3.2188005447387695,entropy,2.8251709938049316,explained_old_win_trend,0.585,explained_new_win_trend,0.666
game_index,219,time, 2022-11-27 05:03:32, kl_between_new_old,0.02098,lr_multiplier,0.296,loss,3.2959139347076416,entropy,2.9194095134735107,explained_old_win_trend,0.551,explained_new_win_trend,0.635
game_index,220,time, 2022-11-27 05:04:57, kl_between_new_old,0.01575,lr_multiplier,0.296,loss,3.198517084121704,entropy,2.943061351776123,explained_old_win_trend,0.622,explained_new_win_trend,0.721
game_index,221,time, 2022-11-27 05:06:55, kl_between_new_old,0.01948,lr_multiplier,0.296,loss,3.301032066345215,entropy,2.9427762031555176,explained_old_win_trend,0.531,explained_new_win_trend,0.634
game_index,222,time, 2022-11-27 05:08:49, kl_between_new_old,0.01827,lr_multiplier,0.296,loss,3.298092842102051,entropy,2.9197475910186768,explained_old_win_trend,0.543,explained_new_win_trend,0.631
game_index,223,time, 2022-11-27 05:10:05, kl_between_new_old,0.03297,lr_multiplier,0.296,loss,3.205662727355957,entropy,2.9119913578033447,explained_old_win_trend,0.596,explained_new_win_trend,0.705
game_index,224,time, 2022-11-27 05:12:44, kl_between_new_old,0.01668,lr_multiplier,0.296,loss,3.33913516998291,entropy,2.942077159881592,explained_old_win_trend,0.538,explained_new_win_trend,0.612
game_index,225,time, 2022-11-27 05:13:53, kl_between_new_old,0.02334,lr_multiplier,0.296,loss,3.32236909866333,entropy,2.882613182067871,explained_old_win_trend,0.494,explained_new_win_trend,0.587
game_index,226,time, 2022-11-27 05:20:55, kl_between_new_old,0.02566,lr_multiplier,0.296,loss,3.2468161582946777,entropy,2.9032998085021973,explained_old_win_trend,0.547,explained_new_win_trend,0.650
game_index,227,time, 2022-11-27 05:21:54, kl_between_new_old,0.02150,lr_multiplier,0.296,loss,3.2163400650024414,entropy,2.9417123794555664,explained_old_win_trend,0.624,explained_new_win_trend,0.696
game_index,228,time, 2022-11-27 05:23:39, kl_between_new_old,0.03127,lr_multiplier,0.296,loss,3.2791733741760254,entropy,2.8504629135131836,explained_old_win_trend,0.515,explained_new_win_trend,0.609
game_index,229,time, 2022-11-27 05:25:10, kl_between_new_old,0.03120,lr_multiplier,0.296,loss,3.1738317012786865,entropy,2.903343677520752,explained_old_win_trend,0.648,explained_new_win_trend,0.719
game_index,230,time, 2022-11-27 05:26:09, kl_between_new_old,0.01488,lr_multiplier,0.296,loss,3.2580907344818115,entropy,2.9022459983825684,explained_old_win_trend,0.536,explained_new_win_trend,0.613
game_index,231,time, 2022-11-27 05:27:25, kl_between_new_old,0.02448,lr_multiplier,0.296,loss,3.2718310356140137,entropy,2.8558149337768555,explained_old_win_trend,0.561,explained_new_win_trend,0.621
game_index,232,time, 2022-11-27 05:28:35, kl_between_new_old,0.02052,lr_multiplier,0.296,loss,3.3853681087493896,entropy,2.920449733734131,explained_old_win_trend,0.449,explained_new_win_trend,0.518
game_index,233,time, 2022-11-27 05:29:30, kl_between_new_old,0.01705,lr_multiplier,0.296,loss,3.2690212726593018,entropy,2.8454854488372803,explained_old_win_trend,0.499,explained_new_win_trend,0.575
game_index,234,time, 2022-11-27 05:30:33, kl_between_new_old,0.01923,lr_multiplier,0.296,loss,3.231377601623535,entropy,2.7991669178009033,explained_old_win_trend,0.531,explained_new_win_trend,0.610
game_index,235,time, 2022-11-27 05:31:51, kl_between_new_old,0.02007,lr_multiplier,0.296,loss,3.199437141418457,entropy,2.856797933578491,explained_old_win_trend,0.551,explained_new_win_trend,0.635
game_index,236,time, 2022-11-27 05:33:01, kl_between_new_old,0.01775,lr_multiplier,0.296,loss,3.217397928237915,entropy,2.891961097717285,explained_old_win_trend,0.564,explained_new_win_trend,0.646
game_index,237,time, 2022-11-27 05:33:55, kl_between_new_old,0.02142,lr_multiplier,0.296,loss,3.1907496452331543,entropy,2.801267623901367,explained_old_win_trend,0.537,explained_new_win_trend,0.609
game_index,238,time, 2022-11-27 05:35:19, kl_between_new_old,0.01827,lr_multiplier,0.296,loss,3.1706860065460205,entropy,2.778768539428711,explained_old_win_trend,0.558,explained_new_win_trend,0.630
game_index,239,time, 2022-11-27 05:35:54, kl_between_new_old,0.02057,lr_multiplier,0.296,loss,3.2690234184265137,entropy,2.8007969856262207,explained_old_win_trend,0.494,explained_new_win_trend,0.551
game_index,240,time, 2022-11-27 05:36:36, kl_between_new_old,0.02073,lr_multiplier,0.296,loss,3.1281771659851074,entropy,2.8140132427215576,explained_old_win_trend,0.644,explained_new_win_trend,0.703
game_index,241,time, 2022-11-27 05:37:16, kl_between_new_old,0.02854,lr_multiplier,0.296,loss,3.2374086380004883,entropy,2.8204221725463867,explained_old_win_trend,0.487,explained_new_win_trend,0.571
game_index,242,time, 2022-11-27 05:38:01, kl_between_new_old,0.02325,lr_multiplier,0.296,loss,3.1232261657714844,entropy,2.8196702003479004,explained_old_win_trend,0.563,explained_new_win_trend,0.652
game_index,243,time, 2022-11-27 05:39:26, kl_between_new_old,0.01262,lr_multiplier,0.296,loss,3.270090341567993,entropy,2.8273561000823975,explained_old_win_trend,0.558,explained_new_win_trend,0.594
game_index,244,time, 2022-11-27 05:40:36, kl_between_new_old,0.02297,lr_multiplier,0.296,loss,3.212670087814331,entropy,2.829049587249756,explained_old_win_trend,0.529,explained_new_win_trend,0.597
game_index,245,time, 2022-11-27 05:43:33, kl_between_new_old,0.02645,lr_multiplier,0.296,loss,3.2235100269317627,entropy,2.823547124862671,explained_old_win_trend,0.527,explained_new_win_trend,0.595
game_index,246,time, 2022-11-27 05:44:33, kl_between_new_old,0.02068,lr_multiplier,0.296,loss,3.240729570388794,entropy,2.8301312923431396,explained_old_win_trend,0.507,explained_new_win_trend,0.568
game_index,247,time, 2022-11-27 05:45:33, kl_between_new_old,0.03056,lr_multiplier,0.296,loss,3.2216405868530273,entropy,2.776062488555908,explained_old_win_trend,0.510,explained_new_win_trend,0.589
game_index,248,time, 2022-11-27 05:46:39, kl_between_new_old,0.02276,lr_multiplier,0.296,loss,3.121983051300049,entropy,2.779690980911255,explained_old_win_trend,0.609,explained_new_win_trend,0.659
game_index,249,time, 2022-11-27 05:47:24, kl_between_new_old,0.02078,lr_multiplier,0.296,loss,3.202799081802368,entropy,2.7644402980804443,explained_old_win_trend,0.507,explained_new_win_trend,0.572
game_index,250,time, 2022-11-27 05:48:20, kl_between_new_old,0.02169,lr_multiplier,0.296,loss,3.3029470443725586,entropy,2.8648762702941895,explained_old_win_trend,0.452,explained_new_win_trend,0.526
game_index,251,time, 2022-11-27 05:56:21, kl_between_new_old,0.02286,lr_multiplier,0.296,loss,3.186674118041992,entropy,2.722499132156372,explained_old_win_trend,0.482,explained_new_win_trend,0.538
game_index,252,time, 2022-11-27 05:57:51, kl_between_new_old,0.04453,lr_multiplier,0.198,loss,3.225893974304199,entropy,2.8048324584960938,explained_old_win_trend,0.463,explained_new_win_trend,0.530
game_index,253,time, 2022-11-27 05:58:48, kl_between_new_old,0.02347,lr_multiplier,0.198,loss,3.174877882003784,entropy,2.753213882446289,explained_old_win_trend,0.544,explained_new_win_trend,0.592
game_index,254,time, 2022-11-27 05:59:34, kl_between_new_old,0.02295,lr_multiplier,0.198,loss,3.228850841522217,entropy,2.7069971561431885,explained_old_win_trend,0.467,explained_new_win_trend,0.523
game_index,255,time, 2022-11-27 06:00:56, kl_between_new_old,0.01736,lr_multiplier,0.198,loss,3.253330707550049,entropy,2.794034481048584,explained_old_win_trend,0.470,explained_new_win_trend,0.536
game_index,256,time, 2022-11-27 06:02:48, kl_between_new_old,0.02177,lr_multiplier,0.198,loss,3.259542942047119,entropy,2.7401468753814697,explained_old_win_trend,0.433,explained_new_win_trend,0.480
game_index,257,time, 2022-11-27 06:03:22, kl_between_new_old,0.01196,lr_multiplier,0.198,loss,3.2555091381073,entropy,2.7633919715881348,explained_old_win_trend,0.492,explained_new_win_trend,0.533
game_index,258,time, 2022-11-27 06:05:19, kl_between_new_old,0.02527,lr_multiplier,0.198,loss,3.2285408973693848,entropy,2.7757372856140137,explained_old_win_trend,0.470,explained_new_win_trend,0.537
game_index,259,time, 2022-11-27 06:07:15, kl_between_new_old,0.01515,lr_multiplier,0.198,loss,3.255805492401123,entropy,2.7606561183929443,explained_old_win_trend,0.463,explained_new_win_trend,0.525
game_index,260,time, 2022-11-27 06:08:05, kl_between_new_old,0.01672,lr_multiplier,0.198,loss,3.1221837997436523,entropy,2.740873098373413,explained_old_win_trend,0.566,explained_new_win_trend,0.613
game_index,261,time, 2022-11-27 06:09:14, kl_between_new_old,0.02322,lr_multiplier,0.198,loss,3.2645156383514404,entropy,2.78568434715271,explained_old_win_trend,0.418,explained_new_win_trend,0.479
game_index,262,time, 2022-11-27 06:10:15, kl_between_new_old,0.01070,lr_multiplier,0.198,loss,3.332292079925537,entropy,2.7926948070526123,explained_old_win_trend,0.434,explained_new_win_trend,0.502
game_index,263,time, 2022-11-27 06:11:35, kl_between_new_old,0.01411,lr_multiplier,0.198,loss,3.2426187992095947,entropy,2.722871780395508,explained_old_win_trend,0.441,explained_new_win_trend,0.500
game_index,264,time, 2022-11-27 06:12:45, kl_between_new_old,0.01504,lr_multiplier,0.198,loss,3.2390482425689697,entropy,2.754030227661133,explained_old_win_trend,0.442,explained_new_win_trend,0.495
game_index,265,time, 2022-11-27 06:13:47, kl_between_new_old,0.01962,lr_multiplier,0.198,loss,3.1331851482391357,entropy,2.724640130996704,explained_old_win_trend,0.521,explained_new_win_trend,0.582
game_index,266,time, 2022-11-27 06:14:29, kl_between_new_old,0.01267,lr_multiplier,0.198,loss,3.1804497241973877,entropy,2.75455641746521,explained_old_win_trend,0.494,explained_new_win_trend,0.558
game_index,267,time, 2022-11-27 06:15:45, kl_between_new_old,0.01115,lr_multiplier,0.198,loss,3.222109794616699,entropy,2.7621121406555176,explained_old_win_trend,0.468,explained_new_win_trend,0.532
game_index,268,time, 2022-11-27 06:17:08, kl_between_new_old,0.01397,lr_multiplier,0.198,loss,3.1768665313720703,entropy,2.6890501976013184,explained_old_win_trend,0.493,explained_new_win_trend,0.546
game_index,269,time, 2022-11-27 06:18:20, kl_between_new_old,0.01470,lr_multiplier,0.198,loss,3.1525633335113525,entropy,2.6727871894836426,explained_old_win_trend,0.453,explained_new_win_trend,0.514
game_index,270,time, 2022-11-27 06:19:05, kl_between_new_old,0.01340,lr_multiplier,0.198,loss,3.2547826766967773,entropy,2.737380027770996,explained_old_win_trend,0.434,explained_new_win_trend,0.534
game_index,271,time, 2022-11-27 06:20:01, kl_between_new_old,0.01584,lr_multiplier,0.198,loss,3.1771275997161865,entropy,2.728834390640259,explained_old_win_trend,0.484,explained_new_win_trend,0.555
game_index,272,time, 2022-11-27 06:21:01, kl_between_new_old,0.01672,lr_multiplier,0.198,loss,3.232243537902832,entropy,2.738306999206543,explained_old_win_trend,0.452,explained_new_win_trend,0.511
game_index,273,time, 2022-11-27 06:21:47, kl_between_new_old,0.01984,lr_multiplier,0.198,loss,3.24015736579895,entropy,2.7761003971099854,explained_old_win_trend,0.478,explained_new_win_trend,0.538
game_index,274,time, 2022-11-27 06:22:57, kl_between_new_old,0.01274,lr_multiplier,0.198,loss,3.1680972576141357,entropy,2.7312607765197754,explained_old_win_trend,0.487,explained_new_win_trend,0.552
game_index,275,time, 2022-11-27 06:23:46, kl_between_new_old,0.01176,lr_multiplier,0.198,loss,3.0978240966796875,entropy,2.7152152061462402,explained_old_win_trend,0.556,explained_new_win_trend,0.613
game_index,276,time, 2022-11-27 06:31:00, kl_between_new_old,0.02062,lr_multiplier,0.198,loss,3.1664936542510986,entropy,2.7096076011657715,explained_old_win_trend,0.480,explained_new_win_trend,0.554
game_index,277,time, 2022-11-27 06:31:55, kl_between_new_old,0.01492,lr_multiplier,0.198,loss,3.1962475776672363,entropy,2.729487895965576,explained_old_win_trend,0.458,explained_new_win_trend,0.514
game_index,278,time, 2022-11-27 06:33:39, kl_between_new_old,0.02575,lr_multiplier,0.198,loss,3.1866776943206787,entropy,2.7052392959594727,explained_old_win_trend,0.465,explained_new_win_trend,0.543
game_index,279,time, 2022-11-27 06:34:36, kl_between_new_old,0.01478,lr_multiplier,0.198,loss,3.300257444381714,entropy,2.718106269836426,explained_old_win_trend,0.359,explained_new_win_trend,0.441
game_index,280,time, 2022-11-27 06:37:05, kl_between_new_old,0.03220,lr_multiplier,0.198,loss,3.183791399002075,entropy,2.7741031646728516,explained_old_win_trend,0.447,explained_new_win_trend,0.513
game_index,281,time, 2022-11-27 06:38:33, kl_between_new_old,0.02803,lr_multiplier,0.198,loss,3.2439780235290527,entropy,2.697650194168091,explained_old_win_trend,0.377,explained_new_win_trend,0.455
game_index,282,time, 2022-11-27 06:39:26, kl_between_new_old,0.01208,lr_multiplier,0.198,loss,3.1757357120513916,entropy,2.664401054382324,explained_old_win_trend,0.423,explained_new_win_trend,0.483
game_index,283,time, 2022-11-27 06:40:10, kl_between_new_old,0.02212,lr_multiplier,0.198,loss,3.295999526977539,entropy,2.7708990573883057,explained_old_win_trend,0.423,explained_new_win_trend,0.496
game_index,284,time, 2022-11-27 06:41:14, kl_between_new_old,0.01562,lr_multiplier,0.198,loss,3.2825088500976562,entropy,2.759674549102783,explained_old_win_trend,0.406,explained_new_win_trend,0.469
game_index,285,time, 2022-11-27 06:42:30, kl_between_new_old,0.02386,lr_multiplier,0.198,loss,3.2614316940307617,entropy,2.6976609230041504,explained_old_win_trend,0.423,explained_new_win_trend,0.497
game_index,286,time, 2022-11-27 06:43:57, kl_between_new_old,0.01811,lr_multiplier,0.198,loss,3.253882646560669,entropy,2.7180237770080566,explained_old_win_trend,0.399,explained_new_win_trend,0.464
game_index,287,time, 2022-11-27 06:45:01, kl_between_new_old,0.01658,lr_multiplier,0.198,loss,3.1767396926879883,entropy,2.744504451751709,explained_old_win_trend,0.476,explained_new_win_trend,0.543
game_index,288,time, 2022-11-27 06:46:04, kl_between_new_old,0.02072,lr_multiplier,0.198,loss,3.2520973682403564,entropy,2.7340402603149414,explained_old_win_trend,0.389,explained_new_win_trend,0.459
game_index,289,time, 2022-11-27 06:48:06, kl_between_new_old,0.01469,lr_multiplier,0.198,loss,3.2816877365112305,entropy,2.7177915573120117,explained_old_win_trend,0.388,explained_new_win_trend,0.447
game_index,290,time, 2022-11-27 06:49:07, kl_between_new_old,0.01174,lr_multiplier,0.198,loss,3.2093942165374756,entropy,2.730815887451172,explained_old_win_trend,0.456,explained_new_win_trend,0.513
game_index,291,time, 2022-11-27 06:50:18, kl_between_new_old,0.01691,lr_multiplier,0.198,loss,3.289088010787964,entropy,2.719003200531006,explained_old_win_trend,0.346,explained_new_win_trend,0.422
game_index,292,time, 2022-11-27 06:51:29, kl_between_new_old,0.01476,lr_multiplier,0.198,loss,3.3499598503112793,entropy,2.7604241371154785,explained_old_win_trend,0.344,explained_new_win_trend,0.423
game_index,293,time, 2022-11-27 06:52:24, kl_between_new_old,0.01505,lr_multiplier,0.198,loss,3.2685604095458984,entropy,2.6676013469696045,explained_old_win_trend,0.342,explained_new_win_trend,0.433
game_index,294,time, 2022-11-27 06:53:24, kl_between_new_old,0.01408,lr_multiplier,0.198,loss,3.3188936710357666,entropy,2.7157015800476074,explained_old_win_trend,0.312,explained_new_win_trend,0.397
game_index,295,time, 2022-11-27 06:54:14, kl_between_new_old,0.00985,lr_multiplier,0.296,loss,3.290773868560791,entropy,2.716808557510376,explained_old_win_trend,0.340,explained_new_win_trend,0.421
game_index,296,time, 2022-11-27 06:55:28, kl_between_new_old,0.02335,lr_multiplier,0.296,loss,3.1845412254333496,entropy,2.7077651023864746,explained_old_win_trend,0.435,explained_new_win_trend,0.517
game_index,297,time, 2022-11-27 06:56:37, kl_between_new_old,0.02263,lr_multiplier,0.296,loss,3.2060775756835938,entropy,2.658964157104492,explained_old_win_trend,0.382,explained_new_win_trend,0.453
game_index,298,time, 2022-11-27 06:58:17, kl_between_new_old,0.02935,lr_multiplier,0.296,loss,3.261648654937744,entropy,2.7999508380889893,explained_old_win_trend,0.360,explained_new_win_trend,0.468
game_index,299,time, 2022-11-27 06:58:53, kl_between_new_old,0.03705,lr_multiplier,0.296,loss,3.119645595550537,entropy,2.6585397720336914,explained_old_win_trend,0.471,explained_new_win_trend,0.541
game_index,300,time, 2022-11-27 06:59:27, kl_between_new_old,0.03068,lr_multiplier,0.296,loss,3.1750001907348633,entropy,2.684231758117676,explained_old_win_trend,0.428,explained_new_win_trend,0.528
game_index,301,time, 2022-11-27 07:06:34, kl_between_new_old,0.03076,lr_multiplier,0.296,loss,3.1904242038726807,entropy,2.693679094314575,explained_old_win_trend,0.441,explained_new_win_trend,0.509
game_index,302,time, 2022-11-27 07:07:42, kl_between_new_old,0.03232,lr_multiplier,0.296,loss,3.200206995010376,entropy,2.699350357055664,explained_old_win_trend,0.418,explained_new_win_trend,0.501
game_index,303,time, 2022-11-27 07:09:04, kl_between_new_old,0.03514,lr_multiplier,0.296,loss,3.1662209033966064,entropy,2.7166295051574707,explained_old_win_trend,0.461,explained_new_win_trend,0.546
game_index,304,time, 2022-11-27 07:10:11, kl_between_new_old,0.02723,lr_multiplier,0.296,loss,3.213991403579712,entropy,2.7301034927368164,explained_old_win_trend,0.454,explained_new_win_trend,0.530
game_index,305,time, 2022-11-27 07:11:54, kl_between_new_old,0.03231,lr_multiplier,0.296,loss,3.139408588409424,entropy,2.6827940940856934,explained_old_win_trend,0.429,explained_new_win_trend,0.522
game_index,306,time, 2022-11-27 07:13:09, kl_between_new_old,0.04026,lr_multiplier,0.198,loss,3.1402416229248047,entropy,2.654613494873047,explained_old_win_trend,0.427,explained_new_win_trend,0.506
game_index,307,time, 2022-11-27 07:13:53, kl_between_new_old,0.02335,lr_multiplier,0.198,loss,3.3145980834960938,entropy,2.692932605743408,explained_old_win_trend,0.314,explained_new_win_trend,0.389
game_index,308,time, 2022-11-27 07:14:26, kl_between_new_old,0.02942,lr_multiplier,0.198,loss,3.1591413021087646,entropy,2.6291675567626953,explained_old_win_trend,0.405,explained_new_win_trend,0.475
game_index,309,time, 2022-11-27 07:15:42, kl_between_new_old,0.02381,lr_multiplier,0.198,loss,3.1774051189422607,entropy,2.651209831237793,explained_old_win_trend,0.428,explained_new_win_trend,0.494
game_index,310,time, 2022-11-27 07:16:30, kl_between_new_old,0.01811,lr_multiplier,0.198,loss,3.117555618286133,entropy,2.6276957988739014,explained_old_win_trend,0.479,explained_new_win_trend,0.532
game_index,311,time, 2022-11-27 07:17:06, kl_between_new_old,0.02053,lr_multiplier,0.198,loss,3.1954994201660156,entropy,2.7082784175872803,explained_old_win_trend,0.450,explained_new_win_trend,0.520
game_index,312,time, 2022-11-27 07:17:45, kl_between_new_old,0.01703,lr_multiplier,0.198,loss,3.1333789825439453,entropy,2.6855502128601074,explained_old_win_trend,0.462,explained_new_win_trend,0.518
game_index,313,time, 2022-11-27 07:18:40, kl_between_new_old,0.02156,lr_multiplier,0.198,loss,3.1328279972076416,entropy,2.754168748855591,explained_old_win_trend,0.476,explained_new_win_trend,0.561
game_index,314,time, 2022-11-27 07:19:27, kl_between_new_old,0.03534,lr_multiplier,0.198,loss,3.0860257148742676,entropy,2.590301990509033,explained_old_win_trend,0.444,explained_new_win_trend,0.506
game_index,315,time, 2022-11-27 07:20:38, kl_between_new_old,0.02515,lr_multiplier,0.198,loss,3.1956076622009277,entropy,2.666079044342041,explained_old_win_trend,0.435,explained_new_win_trend,0.485
game_index,316,time, 2022-11-27 07:21:24, kl_between_new_old,0.01701,lr_multiplier,0.198,loss,3.1706597805023193,entropy,2.682342052459717,explained_old_win_trend,0.412,explained_new_win_trend,0.493
game_index,317,time, 2022-11-27 07:22:13, kl_between_new_old,0.01447,lr_multiplier,0.198,loss,3.0749154090881348,entropy,2.550722599029541,explained_old_win_trend,0.410,explained_new_win_trend,0.484
game_index,318,time, 2022-11-27 07:23:00, kl_between_new_old,0.02445,lr_multiplier,0.198,loss,3.0436227321624756,entropy,2.620851516723633,explained_old_win_trend,0.475,explained_new_win_trend,0.541
game_index,319,time, 2022-11-27 07:24:14, kl_between_new_old,0.02286,lr_multiplier,0.198,loss,3.067866563796997,entropy,2.580357074737549,explained_old_win_trend,0.456,explained_new_win_trend,0.518
game_index,320,time, 2022-11-27 07:25:01, kl_between_new_old,0.01941,lr_multiplier,0.198,loss,3.1850008964538574,entropy,2.6276822090148926,explained_old_win_trend,0.405,explained_new_win_trend,0.469
game_index,321,time, 2022-11-27 07:26:01, kl_between_new_old,0.01746,lr_multiplier,0.198,loss,3.1584408283233643,entropy,2.6231284141540527,explained_old_win_trend,0.378,explained_new_win_trend,0.448
game_index,322,time, 2022-11-27 07:27:32, kl_between_new_old,0.01751,lr_multiplier,0.198,loss,3.0863149166107178,entropy,2.627032995223999,explained_old_win_trend,0.480,explained_new_win_trend,0.533
game_index,323,time, 2022-11-27 07:28:28, kl_between_new_old,0.01906,lr_multiplier,0.198,loss,3.0024874210357666,entropy,2.5886917114257812,explained_old_win_trend,0.473,explained_new_win_trend,0.525
game_index,324,time, 2022-11-27 07:29:46, kl_between_new_old,0.01343,lr_multiplier,0.198,loss,3.034792900085449,entropy,2.593407154083252,explained_old_win_trend,0.488,explained_new_win_trend,0.558
game_index,325,time, 2022-11-27 07:31:34, kl_between_new_old,0.01134,lr_multiplier,0.198,loss,3.097616672515869,entropy,2.622406244277954,explained_old_win_trend,0.459,explained_new_win_trend,0.526
game_index,326,time, 2022-11-27 07:38:51, kl_between_new_old,0.01446,lr_multiplier,0.198,loss,3.052079200744629,entropy,2.5731637477874756,explained_old_win_trend,0.490,explained_new_win_trend,0.553
game_index,327,time, 2022-11-27 07:39:36, kl_between_new_old,0.02230,lr_multiplier,0.198,loss,3.1610214710235596,entropy,2.676455497741699,explained_old_win_trend,0.451,explained_new_win_trend,0.511
game_index,328,time, 2022-11-27 07:40:33, kl_between_new_old,0.03098,lr_multiplier,0.198,loss,2.9782192707061768,entropy,2.4930715560913086,explained_old_win_trend,0.498,explained_new_win_trend,0.560
game_index,329,time, 2022-11-27 07:42:22, kl_between_new_old,0.01918,lr_multiplier,0.198,loss,3.0377449989318848,entropy,2.5856940746307373,explained_old_win_trend,0.466,explained_new_win_trend,0.540
game_index,330,time, 2022-11-27 07:43:38, kl_between_new_old,0.01152,lr_multiplier,0.198,loss,3.0720603466033936,entropy,2.584049701690674,explained_old_win_trend,0.453,explained_new_win_trend,0.527
game_index,331,time, 2022-11-27 07:44:48, kl_between_new_old,0.00930,lr_multiplier,0.296,loss,3.022514820098877,entropy,2.602484703063965,explained_old_win_trend,0.516,explained_new_win_trend,0.568
game_index,332,time, 2022-11-27 07:45:57, kl_between_new_old,0.02919,lr_multiplier,0.296,loss,3.013796806335449,entropy,2.584505081176758,explained_old_win_trend,0.498,explained_new_win_trend,0.579
game_index,333,time, 2022-11-27 07:46:59, kl_between_new_old,0.01860,lr_multiplier,0.296,loss,3.0315957069396973,entropy,2.641418933868408,explained_old_win_trend,0.532,explained_new_win_trend,0.618
game_index,334,time, 2022-11-27 07:48:44, kl_between_new_old,0.02642,lr_multiplier,0.296,loss,3.07011342048645,entropy,2.5706350803375244,explained_old_win_trend,0.476,explained_new_win_trend,0.552
game_index,335,time, 2022-11-27 07:49:35, kl_between_new_old,0.02598,lr_multiplier,0.296,loss,3.0327253341674805,entropy,2.6449942588806152,explained_old_win_trend,0.477,explained_new_win_trend,0.562
game_index,336,time, 2022-11-27 07:50:22, kl_between_new_old,0.02139,lr_multiplier,0.296,loss,3.0508992671966553,entropy,2.5930747985839844,explained_old_win_trend,0.506,explained_new_win_trend,0.580
game_index,337,time, 2022-11-27 07:51:21, kl_between_new_old,0.02267,lr_multiplier,0.296,loss,3.0393142700195312,entropy,2.5974814891815186,explained_old_win_trend,0.435,explained_new_win_trend,0.501
game_index,338,time, 2022-11-27 07:52:24, kl_between_new_old,0.02654,lr_multiplier,0.296,loss,3.147312879562378,entropy,2.5657339096069336,explained_old_win_trend,0.387,explained_new_win_trend,0.464
game_index,339,time, 2022-11-27 07:53:00, kl_between_new_old,0.02081,lr_multiplier,0.296,loss,2.931809425354004,entropy,2.5526206493377686,explained_old_win_trend,0.549,explained_new_win_trend,0.640
game_index,340,time, 2022-11-27 07:53:39, kl_between_new_old,0.01733,lr_multiplier,0.296,loss,2.9221582412719727,entropy,2.5369086265563965,explained_old_win_trend,0.499,explained_new_win_trend,0.577
game_index,341,time, 2022-11-27 07:54:45, kl_between_new_old,0.02410,lr_multiplier,0.296,loss,2.9201135635375977,entropy,2.4681999683380127,explained_old_win_trend,0.537,explained_new_win_trend,0.600
game_index,342,time, 2022-11-27 07:55:33, kl_between_new_old,0.03370,lr_multiplier,0.296,loss,3.0611653327941895,entropy,2.628727912902832,explained_old_win_trend,0.450,explained_new_win_trend,0.547
game_index,343,time, 2022-11-27 07:57:28, kl_between_new_old,0.02329,lr_multiplier,0.296,loss,3.0291483402252197,entropy,2.513547897338867,explained_old_win_trend,0.441,explained_new_win_trend,0.521
game_index,344,time, 2022-11-27 07:58:21, kl_between_new_old,0.02651,lr_multiplier,0.296,loss,2.903944492340088,entropy,2.5170083045959473,explained_old_win_trend,0.525,explained_new_win_trend,0.616
game_index,345,time, 2022-11-27 07:59:07, kl_between_new_old,0.03387,lr_multiplier,0.296,loss,2.890580654144287,entropy,2.5590884685516357,explained_old_win_trend,0.512,explained_new_win_trend,0.611
game_index,346,time, 2022-11-27 07:59:54, kl_between_new_old,0.03148,lr_multiplier,0.296,loss,2.98233699798584,entropy,2.4792704582214355,explained_old_win_trend,0.496,explained_new_win_trend,0.565
game_index,347,time, 2022-11-27 08:00:38, kl_between_new_old,0.01871,lr_multiplier,0.296,loss,3.0188791751861572,entropy,2.5758814811706543,explained_old_win_trend,0.476,explained_new_win_trend,0.555
game_index,348,time, 2022-11-27 08:01:48, kl_between_new_old,0.02062,lr_multiplier,0.296,loss,3.017500400543213,entropy,2.545135259628296,explained_old_win_trend,0.449,explained_new_win_trend,0.513
game_index,349,time, 2022-11-27 08:02:37, kl_between_new_old,0.02292,lr_multiplier,0.296,loss,3.0852129459381104,entropy,2.583219528198242,explained_old_win_trend,0.397,explained_new_win_trend,0.504
game_index,350,time, 2022-11-27 08:03:25, kl_between_new_old,0.02645,lr_multiplier,0.296,loss,3.0578677654266357,entropy,2.602173328399658,explained_old_win_trend,0.451,explained_new_win_trend,0.547
game_index,351,time, 2022-11-27 08:10:36, kl_between_new_old,0.02707,lr_multiplier,0.296,loss,3.086069107055664,entropy,2.6314656734466553,explained_old_win_trend,0.411,explained_new_win_trend,0.504
game_index,352,time, 2022-11-27 08:11:37, kl_between_new_old,0.02955,lr_multiplier,0.296,loss,3.0131654739379883,entropy,2.4464311599731445,explained_old_win_trend,0.388,explained_new_win_trend,0.511
game_index,353,time, 2022-11-27 08:12:37, kl_between_new_old,0.03803,lr_multiplier,0.296,loss,3.0304791927337646,entropy,2.5762312412261963,explained_old_win_trend,0.414,explained_new_win_trend,0.538
game_index,354,time, 2022-11-27 08:13:13, kl_between_new_old,0.03759,lr_multiplier,0.296,loss,3.0246646404266357,entropy,2.515512466430664,explained_old_win_trend,0.483,explained_new_win_trend,0.537
game_index,355,time, 2022-11-27 08:14:04, kl_between_new_old,0.03322,lr_multiplier,0.296,loss,3.059464931488037,entropy,2.6360840797424316,explained_old_win_trend,0.399,explained_new_win_trend,0.535
game_index,356,time, 2022-11-27 08:14:57, kl_between_new_old,0.02636,lr_multiplier,0.296,loss,2.9873406887054443,entropy,2.566209316253662,explained_old_win_trend,0.496,explained_new_win_trend,0.566
game_index,357,time, 2022-11-27 08:15:33, kl_between_new_old,0.02557,lr_multiplier,0.296,loss,2.9017059803009033,entropy,2.598188877105713,explained_old_win_trend,0.576,explained_new_win_trend,0.646
game_index,358,time, 2022-11-27 08:17:45, kl_between_new_old,0.02439,lr_multiplier,0.296,loss,3.0352320671081543,entropy,2.5099635124206543,explained_old_win_trend,0.391,explained_new_win_trend,0.490
game_index,359,time, 2022-11-27 08:19:00, kl_between_new_old,0.02601,lr_multiplier,0.296,loss,3.0377676486968994,entropy,2.5143938064575195,explained_old_win_trend,0.403,explained_new_win_trend,0.513
game_index,360,time, 2022-11-27 08:19:51, kl_between_new_old,0.02081,lr_multiplier,0.296,loss,3.007580280303955,entropy,2.5565521717071533,explained_old_win_trend,0.421,explained_new_win_trend,0.533
game_index,361,time, 2022-11-27 08:20:28, kl_between_new_old,0.02285,lr_multiplier,0.296,loss,2.95671010017395,entropy,2.6030046939849854,explained_old_win_trend,0.515,explained_new_win_trend,0.589
game_index,362,time, 2022-11-27 08:21:32, kl_between_new_old,0.02495,lr_multiplier,0.296,loss,2.9829177856445312,entropy,2.5871353149414062,explained_old_win_trend,0.469,explained_new_win_trend,0.552
game_index,363,time, 2022-11-27 08:22:22, kl_between_new_old,0.02356,lr_multiplier,0.296,loss,3.0110104084014893,entropy,2.4666452407836914,explained_old_win_trend,0.373,explained_new_win_trend,0.475
game_index,364,time, 2022-11-27 08:23:22, kl_between_new_old,0.03008,lr_multiplier,0.296,loss,2.8985519409179688,entropy,2.5285329818725586,explained_old_win_trend,0.451,explained_new_win_trend,0.564
game_index,365,time, 2022-11-27 08:24:28, kl_between_new_old,0.02285,lr_multiplier,0.296,loss,2.9432778358459473,entropy,2.444915533065796,explained_old_win_trend,0.461,explained_new_win_trend,0.555
game_index,366,time, 2022-11-27 08:25:51, kl_between_new_old,0.03688,lr_multiplier,0.296,loss,2.964489459991455,entropy,2.6104564666748047,explained_old_win_trend,0.469,explained_new_win_trend,0.565
game_index,367,time, 2022-11-27 08:26:44, kl_between_new_old,0.04025,lr_multiplier,0.198,loss,2.9181642532348633,entropy,2.4620566368103027,explained_old_win_trend,0.471,explained_new_win_trend,0.560
game_index,368,time, 2022-11-27 08:28:31, kl_between_new_old,0.02361,lr_multiplier,0.198,loss,3.03120756149292,entropy,2.5758419036865234,explained_old_win_trend,0.431,explained_new_win_trend,0.513
game_index,369,time, 2022-11-27 08:29:36, kl_between_new_old,0.02349,lr_multiplier,0.198,loss,3.0230817794799805,entropy,2.50563907623291,explained_old_win_trend,0.461,explained_new_win_trend,0.539
game_index,370,time, 2022-11-27 08:31:13, kl_between_new_old,0.01415,lr_multiplier,0.198,loss,3.0056354999542236,entropy,2.524386405944824,explained_old_win_trend,0.478,explained_new_win_trend,0.536
game_index,371,time, 2022-11-27 08:32:19, kl_between_new_old,0.01339,lr_multiplier,0.198,loss,3.005404233932495,entropy,2.53767728805542,explained_old_win_trend,0.440,explained_new_win_trend,0.515
game_index,372,time, 2022-11-27 08:33:38, kl_between_new_old,0.01390,lr_multiplier,0.198,loss,2.9591188430786133,entropy,2.4676451683044434,explained_old_win_trend,0.502,explained_new_win_trend,0.552
game_index,373,time, 2022-11-27 08:34:44, kl_between_new_old,0.00904,lr_multiplier,0.296,loss,2.9713311195373535,entropy,2.4646997451782227,explained_old_win_trend,0.435,explained_new_win_trend,0.500
game_index,374,time, 2022-11-27 08:35:44, kl_between_new_old,0.02600,lr_multiplier,0.296,loss,2.9944846630096436,entropy,2.597898483276367,explained_old_win_trend,0.481,explained_new_win_trend,0.589
game_index,375,time, 2022-11-27 08:36:57, kl_between_new_old,0.03068,lr_multiplier,0.296,loss,2.9873790740966797,entropy,2.4451868534088135,explained_old_win_trend,0.423,explained_new_win_trend,0.502
game_index,376,time, 2022-11-27 08:43:14, kl_between_new_old,0.01797,lr_multiplier,0.296,loss,2.9481403827667236,entropy,2.488844394683838,explained_old_win_trend,0.437,explained_new_win_trend,0.529
game_index,377,time, 2022-11-27 08:43:51, kl_between_new_old,0.02812,lr_multiplier,0.296,loss,2.843209981918335,entropy,2.4278783798217773,explained_old_win_trend,0.527,explained_new_win_trend,0.598
game_index,378,time, 2022-11-27 08:44:47, kl_between_new_old,0.01382,lr_multiplier,0.296,loss,2.946892499923706,entropy,2.533038377761841,explained_old_win_trend,0.510,explained_new_win_trend,0.579
game_index,379,time, 2022-11-27 08:45:57, kl_between_new_old,0.02651,lr_multiplier,0.296,loss,2.864879846572876,entropy,2.4447312355041504,explained_old_win_trend,0.510,explained_new_win_trend,0.581
game_index,380,time, 2022-11-27 08:47:14, kl_between_new_old,0.02215,lr_multiplier,0.296,loss,2.854579448699951,entropy,2.482375383377075,explained_old_win_trend,0.533,explained_new_win_trend,0.627
game_index,381,time, 2022-11-27 08:49:08, kl_between_new_old,0.01921,lr_multiplier,0.296,loss,2.89164662361145,entropy,2.4533002376556396,explained_old_win_trend,0.511,explained_new_win_trend,0.583
game_index,382,time, 2022-11-27 08:50:14, kl_between_new_old,0.02516,lr_multiplier,0.296,loss,2.906219005584717,entropy,2.509279489517212,explained_old_win_trend,0.530,explained_new_win_trend,0.596
game_index,383,time, 2022-11-27 08:52:52, kl_between_new_old,0.02440,lr_multiplier,0.296,loss,2.8943896293640137,entropy,2.3824303150177,explained_old_win_trend,0.454,explained_new_win_trend,0.532
game_index,384,time, 2022-11-27 08:54:31, kl_between_new_old,0.02595,lr_multiplier,0.296,loss,2.8238296508789062,entropy,2.4828310012817383,explained_old_win_trend,0.530,explained_new_win_trend,0.610
game_index,385,time, 2022-11-27 08:55:25, kl_between_new_old,0.03272,lr_multiplier,0.296,loss,2.867141008377075,entropy,2.500929355621338,explained_old_win_trend,0.585,explained_new_win_trend,0.652
game_index,386,time, 2022-11-27 08:56:32, kl_between_new_old,0.02570,lr_multiplier,0.296,loss,2.90067195892334,entropy,2.4370408058166504,explained_old_win_trend,0.482,explained_new_win_trend,0.554
game_index,387,time, 2022-11-27 08:57:19, kl_between_new_old,0.02946,lr_multiplier,0.296,loss,2.8327484130859375,entropy,2.466655731201172,explained_old_win_trend,0.483,explained_new_win_trend,0.567
game_index,388,time, 2022-11-27 08:58:00, kl_between_new_old,0.02265,lr_multiplier,0.296,loss,2.8585007190704346,entropy,2.4357237815856934,explained_old_win_trend,0.518,explained_new_win_trend,0.585
game_index,389,time, 2022-11-27 08:58:46, kl_between_new_old,0.02395,lr_multiplier,0.296,loss,2.840892791748047,entropy,2.454706907272339,explained_old_win_trend,0.529,explained_new_win_trend,0.599
game_index,390,time, 2022-11-27 08:59:31, kl_between_new_old,0.01912,lr_multiplier,0.296,loss,2.877264976501465,entropy,2.3962955474853516,explained_old_win_trend,0.460,explained_new_win_trend,0.516
game_index,391,time, 2022-11-27 09:00:28, kl_between_new_old,0.02292,lr_multiplier,0.296,loss,2.9275963306427,entropy,2.474083423614502,explained_old_win_trend,0.484,explained_new_win_trend,0.549
game_index,392,time, 2022-11-27 09:01:10, kl_between_new_old,0.03082,lr_multiplier,0.296,loss,2.8412387371063232,entropy,2.450573682785034,explained_old_win_trend,0.556,explained_new_win_trend,0.621
game_index,393,time, 2022-11-27 09:02:17, kl_between_new_old,0.02610,lr_multiplier,0.296,loss,2.7829837799072266,entropy,2.4809350967407227,explained_old_win_trend,0.556,explained_new_win_trend,0.629
game_index,394,time, 2022-11-27 09:03:13, kl_between_new_old,0.02533,lr_multiplier,0.296,loss,2.8367862701416016,entropy,2.385427474975586,explained_old_win_trend,0.569,explained_new_win_trend,0.623
game_index,395,time, 2022-11-27 09:04:06, kl_between_new_old,0.03516,lr_multiplier,0.296,loss,2.8086819648742676,entropy,2.451964855194092,explained_old_win_trend,0.504,explained_new_win_trend,0.587
game_index,396,time, 2022-11-27 09:05:04, kl_between_new_old,0.03082,lr_multiplier,0.296,loss,2.8176748752593994,entropy,2.3771162033081055,explained_old_win_trend,0.554,explained_new_win_trend,0.612
game_index,397,time, 2022-11-27 09:07:07, kl_between_new_old,0.03212,lr_multiplier,0.296,loss,2.8970096111297607,entropy,2.495189905166626,explained_old_win_trend,0.508,explained_new_win_trend,0.596
game_index,398,time, 2022-11-27 09:08:57, kl_between_new_old,0.03018,lr_multiplier,0.296,loss,2.891732692718506,entropy,2.431504487991333,explained_old_win_trend,0.483,explained_new_win_trend,0.578
game_index,399,time, 2022-11-27 09:10:21, kl_between_new_old,0.02557,lr_multiplier,0.296,loss,2.861452102661133,entropy,2.4863204956054688,explained_old_win_trend,0.504,explained_new_win_trend,0.583
game_index,400,time, 2022-11-27 09:11:19, kl_between_new_old,0.03156,lr_multiplier,0.296,loss,2.8787994384765625,entropy,2.479858875274658,explained_old_win_trend,0.503,explained_new_win_trend,0.596
game_index,401,time, 2022-11-27 09:18:25, kl_between_new_old,0.03048,lr_multiplier,0.296,loss,2.8398072719573975,entropy,2.4138612747192383,explained_old_win_trend,0.530,explained_new_win_trend,0.619
game_index,402,time, 2022-11-27 09:19:57, kl_between_new_old,0.02666,lr_multiplier,0.296,loss,2.8646254539489746,entropy,2.430581569671631,explained_old_win_trend,0.514,explained_new_win_trend,0.598
game_index,403,time, 2022-11-27 09:20:59, kl_between_new_old,0.02720,lr_multiplier,0.296,loss,2.905992269515991,entropy,2.4805641174316406,explained_old_win_trend,0.490,explained_new_win_trend,0.574
game_index,404,time, 2022-11-27 09:22:49, kl_between_new_old,0.03495,lr_multiplier,0.296,loss,2.9227962493896484,entropy,2.4793076515197754,explained_old_win_trend,0.490,explained_new_win_trend,0.574
game_index,405,time, 2022-11-27 09:23:58, kl_between_new_old,0.02506,lr_multiplier,0.296,loss,2.9263548851013184,entropy,2.490675926208496,explained_old_win_trend,0.442,explained_new_win_trend,0.539
game_index,406,time, 2022-11-27 09:24:50, kl_between_new_old,0.02881,lr_multiplier,0.296,loss,2.8071460723876953,entropy,2.4934639930725098,explained_old_win_trend,0.558,explained_new_win_trend,0.649
game_index,407,time, 2022-11-27 09:25:37, kl_between_new_old,0.03422,lr_multiplier,0.296,loss,2.7803196907043457,entropy,2.371037006378174,explained_old_win_trend,0.497,explained_new_win_trend,0.563
game_index,408,time, 2022-11-27 09:26:52, kl_between_new_old,0.02919,lr_multiplier,0.296,loss,2.891216278076172,entropy,2.4155380725860596,explained_old_win_trend,0.482,explained_new_win_trend,0.552
game_index,409,time, 2022-11-27 09:28:00, kl_between_new_old,0.03435,lr_multiplier,0.296,loss,2.911224365234375,entropy,2.436643123626709,explained_old_win_trend,0.480,explained_new_win_trend,0.562
game_index,410,time, 2022-11-27 09:28:56, kl_between_new_old,0.02218,lr_multiplier,0.296,loss,2.8508315086364746,entropy,2.4846646785736084,explained_old_win_trend,0.558,explained_new_win_trend,0.608
game_index,411,time, 2022-11-27 09:31:20, kl_between_new_old,0.03897,lr_multiplier,0.296,loss,2.832350730895996,entropy,2.3977508544921875,explained_old_win_trend,0.492,explained_new_win_trend,0.577
game_index,412,time, 2022-11-27 09:32:43, kl_between_new_old,0.02474,lr_multiplier,0.296,loss,2.905277729034424,entropy,2.451223850250244,explained_old_win_trend,0.429,explained_new_win_trend,0.498
game_index,413,time, 2022-11-27 09:33:57, kl_between_new_old,0.02001,lr_multiplier,0.296,loss,2.8015103340148926,entropy,2.276434898376465,explained_old_win_trend,0.425,explained_new_win_trend,0.502
game_index,414,time, 2022-11-27 09:35:29, kl_between_new_old,0.03030,lr_multiplier,0.296,loss,3.0066781044006348,entropy,2.4920456409454346,explained_old_win_trend,0.390,explained_new_win_trend,0.494
game_index,415,time, 2022-11-27 09:36:50, kl_between_new_old,0.02107,lr_multiplier,0.296,loss,2.799802780151367,entropy,2.316699504852295,explained_old_win_trend,0.483,explained_new_win_trend,0.560
game_index,416,time, 2022-11-27 09:37:30, kl_between_new_old,0.02087,lr_multiplier,0.296,loss,2.8225948810577393,entropy,2.358896255493164,explained_old_win_trend,0.469,explained_new_win_trend,0.548
game_index,417,time, 2022-11-27 09:38:24, kl_between_new_old,0.03257,lr_multiplier,0.296,loss,2.777069330215454,entropy,2.399221420288086,explained_old_win_trend,0.571,explained_new_win_trend,0.623
game_index,418,time, 2022-11-27 09:39:32, kl_between_new_old,0.03609,lr_multiplier,0.296,loss,2.8189926147460938,entropy,2.411405086517334,explained_old_win_trend,0.495,explained_new_win_trend,0.580
game_index,419,time, 2022-11-27 09:40:26, kl_between_new_old,0.03930,lr_multiplier,0.296,loss,2.83889102935791,entropy,2.44502592086792,explained_old_win_trend,0.476,explained_new_win_trend,0.571
game_index,420,time, 2022-11-27 09:41:20, kl_between_new_old,0.04725,lr_multiplier,0.198,loss,2.8237409591674805,entropy,2.335002899169922,explained_old_win_trend,0.460,explained_new_win_trend,0.526
game_index,421,time, 2022-11-27 09:42:19, kl_between_new_old,0.02770,lr_multiplier,0.198,loss,2.832505226135254,entropy,2.3612470626831055,explained_old_win_trend,0.488,explained_new_win_trend,0.543
game_index,422,time, 2022-11-27 09:43:00, kl_between_new_old,0.02242,lr_multiplier,0.198,loss,2.7506420612335205,entropy,2.2990126609802246,explained_old_win_trend,0.502,explained_new_win_trend,0.548
game_index,423,time, 2022-11-27 09:43:44, kl_between_new_old,0.01580,lr_multiplier,0.198,loss,2.7820327281951904,entropy,2.338162660598755,explained_old_win_trend,0.435,explained_new_win_trend,0.508
game_index,424,time, 2022-11-27 09:44:35, kl_between_new_old,0.00984,lr_multiplier,0.296,loss,2.7517104148864746,entropy,2.3053488731384277,explained_old_win_trend,0.493,explained_new_win_trend,0.544
game_index,425,time, 2022-11-27 09:45:57, kl_between_new_old,0.02780,lr_multiplier,0.296,loss,2.7933902740478516,entropy,2.394587278366089,explained_old_win_trend,0.515,explained_new_win_trend,0.606
game_index,426,time, 2022-11-27 09:53:16, kl_between_new_old,0.02748,lr_multiplier,0.296,loss,2.786243438720703,entropy,2.304236888885498,explained_old_win_trend,0.475,explained_new_win_trend,0.550
game_index,427,time, 2022-11-27 09:54:39, kl_between_new_old,0.02459,lr_multiplier,0.296,loss,2.737210273742676,entropy,2.323214054107666,explained_old_win_trend,0.538,explained_new_win_trend,0.601
game_index,428,time, 2022-11-27 09:55:49, kl_between_new_old,0.02758,lr_multiplier,0.296,loss,2.7165756225585938,entropy,2.3785109519958496,explained_old_win_trend,0.532,explained_new_win_trend,0.614
game_index,429,time, 2022-11-27 09:57:15, kl_between_new_old,0.02032,lr_multiplier,0.296,loss,2.7156925201416016,entropy,2.3517954349517822,explained_old_win_trend,0.513,explained_new_win_trend,0.604
game_index,430,time, 2022-11-27 09:58:19, kl_between_new_old,0.02161,lr_multiplier,0.296,loss,2.826014280319214,entropy,2.347460985183716,explained_old_win_trend,0.448,explained_new_win_trend,0.548
game_index,431,time, 2022-11-27 09:59:14, kl_between_new_old,0.02539,lr_multiplier,0.296,loss,2.772115468978882,entropy,2.275477409362793,explained_old_win_trend,0.454,explained_new_win_trend,0.520
game_index,432,time, 2022-11-27 10:00:11, kl_between_new_old,0.01976,lr_multiplier,0.296,loss,2.657473087310791,entropy,2.329432487487793,explained_old_win_trend,0.576,explained_new_win_trend,0.647
game_index,433,time, 2022-11-27 10:01:06, kl_between_new_old,0.02142,lr_multiplier,0.296,loss,2.6780691146850586,entropy,2.3128018379211426,explained_old_win_trend,0.565,explained_new_win_trend,0.647
game_index,434,time, 2022-11-27 10:02:46, kl_between_new_old,0.02978,lr_multiplier,0.296,loss,2.7155227661132812,entropy,2.372735023498535,explained_old_win_trend,0.493,explained_new_win_trend,0.613
game_index,435,time, 2022-11-27 10:03:57, kl_between_new_old,0.02656,lr_multiplier,0.296,loss,2.7249913215637207,entropy,2.2669105529785156,explained_old_win_trend,0.520,explained_new_win_trend,0.600
game_index,436,time, 2022-11-27 10:04:48, kl_between_new_old,0.03119,lr_multiplier,0.296,loss,2.693629741668701,entropy,2.3303494453430176,explained_old_win_trend,0.539,explained_new_win_trend,0.617
game_index,437,time, 2022-11-27 10:05:38, kl_between_new_old,0.02660,lr_multiplier,0.296,loss,2.659057378768921,entropy,2.2494685649871826,explained_old_win_trend,0.536,explained_new_win_trend,0.626
game_index,438,time, 2022-11-27 10:06:50, kl_between_new_old,0.03658,lr_multiplier,0.296,loss,2.6742310523986816,entropy,2.2622628211975098,explained_old_win_trend,0.522,explained_new_win_trend,0.605
game_index,439,time, 2022-11-27 10:07:59, kl_between_new_old,0.03292,lr_multiplier,0.296,loss,2.662243604660034,entropy,2.3298587799072266,explained_old_win_trend,0.583,explained_new_win_trend,0.638
game_index,440,time, 2022-11-27 10:08:49, kl_between_new_old,0.03000,lr_multiplier,0.296,loss,2.6667332649230957,entropy,2.2586617469787598,explained_old_win_trend,0.558,explained_new_win_trend,0.629
game_index,441,time, 2022-11-27 10:09:34, kl_between_new_old,0.02296,lr_multiplier,0.296,loss,2.66748309135437,entropy,2.3439650535583496,explained_old_win_trend,0.595,explained_new_win_trend,0.650
game_index,442,time, 2022-11-27 10:10:23, kl_between_new_old,0.02289,lr_multiplier,0.296,loss,2.681915521621704,entropy,2.205219268798828,explained_old_win_trend,0.508,explained_new_win_trend,0.580
game_index,443,time, 2022-11-27 10:11:19, kl_between_new_old,0.03863,lr_multiplier,0.296,loss,2.659846782684326,entropy,2.269902229309082,explained_old_win_trend,0.519,explained_new_win_trend,0.590
game_index,444,time, 2022-11-27 10:12:34, kl_between_new_old,0.02131,lr_multiplier,0.296,loss,2.7217907905578613,entropy,2.286198139190674,explained_old_win_trend,0.533,explained_new_win_trend,0.626
game_index,445,time, 2022-11-27 10:13:37, kl_between_new_old,0.02540,lr_multiplier,0.296,loss,2.6563146114349365,entropy,2.288410186767578,explained_old_win_trend,0.527,explained_new_win_trend,0.595
game_index,446,time, 2022-11-27 10:15:05, kl_between_new_old,0.02557,lr_multiplier,0.296,loss,2.5627243518829346,entropy,2.2898709774017334,explained_old_win_trend,0.614,explained_new_win_trend,0.673
game_index,447,time, 2022-11-27 10:15:57, kl_between_new_old,0.02400,lr_multiplier,0.296,loss,2.6800193786621094,entropy,2.199779748916626,explained_old_win_trend,0.482,explained_new_win_trend,0.588
game_index,448,time, 2022-11-27 10:16:43, kl_between_new_old,0.02573,lr_multiplier,0.296,loss,2.541256904602051,entropy,2.2000479698181152,explained_old_win_trend,0.597,explained_new_win_trend,0.666
game_index,449,time, 2022-11-27 10:17:41, kl_between_new_old,0.02457,lr_multiplier,0.296,loss,2.647524833679199,entropy,2.243804454803467,explained_old_win_trend,0.540,explained_new_win_trend,0.620
game_index,450,time, 2022-11-27 10:18:34, kl_between_new_old,0.01758,lr_multiplier,0.296,loss,2.6329116821289062,entropy,2.25516414642334,explained_old_win_trend,0.533,explained_new_win_trend,0.608
game_index,451,time, 2022-11-27 10:25:58, kl_between_new_old,0.02283,lr_multiplier,0.296,loss,2.6292567253112793,entropy,2.3081536293029785,explained_old_win_trend,0.549,explained_new_win_trend,0.644
game_index,452,time, 2022-11-27 10:27:28, kl_between_new_old,0.02403,lr_multiplier,0.296,loss,2.5463149547576904,entropy,2.2491328716278076,explained_old_win_trend,0.599,explained_new_win_trend,0.663
game_index,453,time, 2022-11-27 10:28:51, kl_between_new_old,0.01624,lr_multiplier,0.296,loss,2.5280163288116455,entropy,2.2014994621276855,explained_old_win_trend,0.598,explained_new_win_trend,0.664
game_index,454,time, 2022-11-27 10:29:43, kl_between_new_old,0.02669,lr_multiplier,0.296,loss,2.5787997245788574,entropy,2.16196346282959,explained_old_win_trend,0.542,explained_new_win_trend,0.593
game_index,455,time, 2022-11-27 10:31:08, kl_between_new_old,0.02484,lr_multiplier,0.296,loss,2.600048065185547,entropy,2.221240282058716,explained_old_win_trend,0.517,explained_new_win_trend,0.613
game_index,456,time, 2022-11-27 10:32:30, kl_between_new_old,0.03134,lr_multiplier,0.296,loss,2.5696070194244385,entropy,2.2217931747436523,explained_old_win_trend,0.547,explained_new_win_trend,0.620
game_index,457,time, 2022-11-27 10:33:30, kl_between_new_old,0.03616,lr_multiplier,0.296,loss,2.5304625034332275,entropy,2.130247116088867,explained_old_win_trend,0.557,explained_new_win_trend,0.615
game_index,458,time, 2022-11-27 10:34:17, kl_between_new_old,0.02011,lr_multiplier,0.296,loss,2.593837261199951,entropy,2.240157127380371,explained_old_win_trend,0.571,explained_new_win_trend,0.634
game_index,459,time, 2022-11-27 10:35:57, kl_between_new_old,0.03716,lr_multiplier,0.296,loss,2.6222193241119385,entropy,2.2289958000183105,explained_old_win_trend,0.566,explained_new_win_trend,0.631
game_index,460,time, 2022-11-27 10:37:00, kl_between_new_old,0.02900,lr_multiplier,0.296,loss,2.629502773284912,entropy,2.2625198364257812,explained_old_win_trend,0.488,explained_new_win_trend,0.563
game_index,461,time, 2022-11-27 10:38:11, kl_between_new_old,0.02462,lr_multiplier,0.296,loss,2.631112813949585,entropy,2.153705596923828,explained_old_win_trend,0.477,explained_new_win_trend,0.575
game_index,462,time, 2022-11-27 10:39:18, kl_between_new_old,0.02826,lr_multiplier,0.296,loss,2.6143388748168945,entropy,2.2715725898742676,explained_old_win_trend,0.549,explained_new_win_trend,0.618
game_index,463,time, 2022-11-27 10:40:27, kl_between_new_old,0.02747,lr_multiplier,0.296,loss,2.5319674015045166,entropy,2.138089179992676,explained_old_win_trend,0.547,explained_new_win_trend,0.644
game_index,464,time, 2022-11-27 10:41:30, kl_between_new_old,0.03794,lr_multiplier,0.296,loss,2.606905698776245,entropy,2.227522373199463,explained_old_win_trend,0.544,explained_new_win_trend,0.605
